node,record_id,name,layer,layer_name,degree,cross_layer_degree,betweenness_centrality,PCA_PC1,PCA_PC2,betweenness_rank,cross_layer_bridge_rank
51,PUBCHEM_119,aminobutyric acid,3,Pre-nucleic/functional systems,51,39,0.011960647746388714,-1.2958218311290641,0.7301306908808722,27,1
167,PUBCHEM_79094,alanylglycine,3,Pre-nucleic/functional systems,45,38,0.005401402924062425,-0.15911247205661397,0.31550280503466743,59,2
156,PUBCHEM_750,glycine,1,Simple organic chemistry,56,37,0.019545307533541802,-1.8234719422503425,-0.3394034677517213,17,3
41,PUBCHEM_1110,succinic acid,1,Simple organic chemistry,52,32,0.0072569307090869645,-1.121240467034993,0.3076748309507059,42,4
63,PUBCHEM_137,aminolevulinic acid,3,Pre-nucleic/functional systems,39,32,0.0011574761508703997,-0.634105741557445,0.631270725015149,96,5
31,PUBCHEM_1032,propionic acid,1,Simple organic chemistry,59,31,0.023938675963220885,-2.296821262240351,0.39088703366010324,14,6
159,PUBCHEM_757,glycolic acid,1,Simple organic chemistry,54,31,0.012033807389745419,-1.9184844100162515,-0.3832701025951369,26,7
173,PUBCHEM_867,malonic acid,1,Simple organic chemistry,50,31,0.0024000058573342585,-1.388662843506275,-0.2749288329955907,80,8
97,PUBCHEM_428913,N-(2-aminoethyl)glycine,3,Pre-nucleic/functional systems,41,30,0.005378165812135473,-0.5951058517496153,0.5970586256128525,60,9
81,PUBCHEM_264,butyric acid,1,Simple organic chemistry,54,29,0.012898575433732634,-2.0365935275903553,0.8778175283464004,25,10
108,PUBCHEM_5950,alanine,2,Prebiotic building blocks,53,29,0.01188106469852254,-1.6138420528963295,0.09991290389680925,28,11
184,PUBCHEM_98153,glycylalanine,3,Pre-nucleic/functional systems,36,29,0.0020067086692645976,-0.159112472056614,0.31550280503466754,84,12
148,PUBCHEM_6590,isobutyric acid,1,Simple organic chemistry,49,28,0.010755440247906638,-2.0886960836134016,0.7039759200566582,33,13
123,PUBCHEM_612,lactic acid,1,Simple organic chemistry,48,28,0.010279041346575198,-1.7088545206622399,0.05604626905339381,35,14
43,PUBCHEM_11163,glycylglycine,3,Pre-nucleic/functional systems,35,28,0.0006833682379008116,-0.3629866479535967,-0.04727503120586368,104,15
109,PUBCHEM_5951,serine,2,Prebiotic building blocks,47,27,0.027710545810009313,-0.9680828242009477,-0.0916405684121342,12,16
87,PUBCHEM_279,ureidosuccinic acid,3,Pre-nucleic/functional systems,34,27,0.001725884965989543,0.626801220686479,0.04381253617394859,87,17
116,PUBCHEM_6030,uridine monophosphate,3,Pre-nucleic/functional systems,28,26,3.600590913810071e-05,5.05836345722254,-0.2591814985274789,123,18
70,PUBCHEM_161500,aminoimidazole ribonucleotide,3,Pre-nucleic/functional systems,28,26,2.7640378125923388e-05,4.594024351669801,0.0015424609439988505,129,19
120,PUBCHEM_6083,adenosine monophosphate,3,Pre-nucleic/functional systems,28,26,2.7640378125923388e-05,6.44557221632347,-0.01928351690396149,130,20
62,PUBCHEM_135398641,inosine,2,Prebiotic building blocks,33,25,0.02314042361754209,4.440568162418244,-0.08098553227645833,15,21
73,PUBCHEM_176,acetic acid,1,Simple organic chemistry,48,25,0.015660421680130637,-2.564243638711634,-0.19171663028619304,21,22
161,PUBCHEM_767,carbonic acid,1,Simple organic chemistry,46,25,0.01421087407539241,-2.368584100355765,-0.9845545825195843,23,23
168,PUBCHEM_7911,malonamide,1,Simple organic chemistry,40,25,0.0074562009991714475,-1.15835272061837,-0.4331222314745006,41,24
60,PUBCHEM_135398635,guanosine,2,Prebiotic building blocks,31,25,0.006629620457774156,5.1071171659516414,-0.22730101827169097,45,25
150,PUBCHEM_670,dihydroxyacetone,2,Prebiotic building blocks,29,25,0.0055534106767319725,-1.5206064388475848,-0.027002307966109515,55,26
177,PUBCHEM_8892,hexanoic acid,2,Prebiotic building blocks,41,25,0.0033572011395793266,-1.523332700111652,1.7560053484589953,78,27
107,PUBCHEM_5862,cysteine,2,Prebiotic building blocks,42,24,0.005925632304274172,-1.196356335881503,0.1115924653963346,52,28
133,PUBCHEM_6287,valine,2,Prebiotic building blocks,41,24,0.005805189667146479,-1.1483669963478993,0.8616630172756617,53,29
122,PUBCHEM_6106,leucine,2,Prebiotic building blocks,48,24,0.005529874509020866,-0.892456046790676,1.2911896104059588,56,30
75,PUBCHEM_178,acetamide,1,Simple organic chemistry,47,23,0.09981772784561085,-2.449088577267682,-0.27081332952564796,6,31
49,PUBCHEM_1176,urea,1,Simple organic chemistry,45,23,0.08135692741170657,-2.138273977467859,-1.1427479809984942,8,32
111,PUBCHEM_5960,aspartic acid,2,Prebiotic building blocks,47,23,0.005446370387808093,-0.43826125769097096,0.016700701187412046,58,33
121,PUBCHEM_60961,adenosine,2,Prebiotic building blocks,28,23,0.0005020168115816406,4.610482419154669,-0.00407501270908842,107,34
129,PUBCHEM_6175,cytidine,2,Prebiotic building blocks,28,23,0.0005020168115816406,3.393187916790168,-0.16706247476523664,108,35
115,PUBCHEM_6029,uridine,2,Prebiotic building blocks,28,22,0.008971570314363254,3.223273660053742,-0.24397299433260625,36,36
182,PUBCHEM_971,oxalic acid,1,Simple organic chemistry,43,22,0.004619401836616965,-1.7280917253621357,-1.1916599331109812,69,37
38,PUBCHEM_11005,myristic acid,2,Prebiotic building blocks,37,22,0.001520180025389248,0.509154490313776,4.995404716737948,88,38
90,PUBCHEM_2969,capric acid,2,Prebiotic building blocks,37,22,0.001520180025389248,-0.5054446153397868,3.397573185572185,89,39
95,PUBCHEM_379,octanoic acid,2,Prebiotic building blocks,37,22,0.001520180025389248,-1.0136691935435906,2.58635658394159,90,40
96,PUBCHEM_3893,lauric acid,2,Prebiotic building blocks,37,22,0.001520180025389248,0.0020604986818887295,4.199222470276781,91,41
103,PUBCHEM_5281,stearic acid,2,Prebiotic building blocks,37,22,0.001520180025389248,1.5226572695945713,6.57865747925457,92,42
185,PUBCHEM_985,palmitic acid,2,Prebiotic building blocks,37,22,0.001520180025389248,1.0159915304520462,5.788170064296973,93,43
131,PUBCHEM_6262,ornithine,2,Prebiotic building blocks,45,21,0.011666336733694847,-0.3554927438635616,0.8878177880998754,29,44
56,PUBCHEM_135398619,guanosine diphosphate,4,RNA/ribonucleotide systems,30,21,0.0046434550801542455,8.869639677524505,-0.28934975003996816,64,45
57,PUBCHEM_135398631,guanosine monophosphate,4,RNA/ribonucleotide systems,30,21,0.0046434550801542455,6.942206963120439,-0.24250952246656388,65,46
58,PUBCHEM_135398633,guanosine triphosphate,4,RNA/ribonucleotide systems,30,21,0.0046434550801542455,10.79707239192857,-0.3361899776133723,66,47
1,L0_16a20a03d513a3a5,Magnesite,0,Inorganic/mineral chemistry,22,21,0.002088935582624414,-2.1060423587379176,-1.7785832319788124,83,48
112,PUBCHEM_5962,lysine,2,Prebiotic building blocks,38,20,0.008697487188576316,-0.09958179430633785,1.3173443812301735,37,49
93,PUBCHEM_33032,glutamic acid,2,Prebiotic building blocks,46,20,0.006216504171519743,-0.17659459467671837,0.5227658297257091,48,50
136,PUBCHEM_6306,isoleucine,2,Prebiotic building blocks,46,20,0.006135730331985681,-0.892456046790676,1.2911896104059588,49,51
34,PUBCHEM_1060,pyruvic acid,1,Simple organic chemistry,41,20,0.004593421614407011,-1.903966477504272,-0.3097112300039161,71,52
124,PUBCHEM_6131,cytidine monophosphate,4,RNA/ribonucleotide systems,29,20,4.264064063051721e-05,5.228277713958965,-0.18227097896010946,120,53
53,PUBCHEM_135398592,deoxyguanosine,5,DNA/deoxyribonucleotide systems,30,19,0.0046434550801542455,4.51915042437353,0.10753974633501831,67,54
54,PUBCHEM_135398597,deoxyguanosine monophosphate,5,DNA/deoxyribonucleotide systems,30,19,0.0046434550801542455,6.3542402215423275,0.09233124214014547,68,55
64,PUBCHEM_13711,deoxycytidine,5,DNA/deoxyribonucleotide systems,30,19,0.0005683641265058056,2.8052211752120564,0.1677782898414727,105,56
117,PUBCHEM_6031,uridine diphosphate,4,RNA/ribonucleotide systems,28,19,3.600590913810071e-05,6.985796171626605,-0.3060217261008834,124,57
126,PUBCHEM_6133,uridine triphosphate,4,RNA/ribonucleotide systems,28,19,3.600590913810071e-05,8.913228886030671,-0.3528619536742874,125,58
110,PUBCHEM_5957,adenosine triphosphate,4,RNA/ribonucleotide systems,28,19,2.7640378125923388e-05,10.300437645131597,-0.11296397205076972,131,59
114,PUBCHEM_6022,adenosine diphosphate,4,RNA/ribonucleotide systems,28,19,2.7640378125923388e-05,8.37300493072753,-0.06612374447736576,132,60
125,PUBCHEM_6132,cytidine diphosphate,4,RNA/ribonucleotide systems,28,19,2.7640378125923388e-05,7.155710428363033,-0.22911120653351352,133,61
130,PUBCHEM_6176,cytidine triphosphate,4,RNA/ribonucleotide systems,28,19,2.7640378125923388e-05,9.083143142767097,-0.27595143410691764,134,62
55,PUBCHEM_135398599,deoxyguanosine triphosphate,5,DNA/deoxyribonucleotide systems,29,18,0.004618289562188192,10.209105650350459,-0.0013492130066631845,70,63
66,PUBCHEM_13945,deoxycytidine monophosphate,5,DNA/deoxyribonucleotide systems,29,18,4.264064063051721e-05,4.640310972380854,0.1525697856466,121,64
146,PUBCHEM_65091,deoxycytidine triphosphate,5,DNA/deoxyribonucleotide systems,29,18,4.264064063051721e-05,8.495176401188983,0.05888933049979161,122,65
181,PUBCHEM_9700,thymidine monophosphate,5,DNA/deoxyribonucleotide systems,28,17,0.052700390005240946,4.674554979087179,0.3587689348132221,9,66
134,PUBCHEM_6288,threonine,2,Prebiotic building blocks,34,17,0.002303658565782101,-0.7656475766682226,0.25200263397639705,81,67
52,PUBCHEM_12599,deoxyadenosine monophosphate,5,DNA/deoxyribonucleotide systems,28,17,3.0481302653565663e-05,5.857605474745355,0.3155572477027478,127,68
69,PUBCHEM_15993,deoxyadenosine triphosphate,5,DNA/deoxyribonucleotide systems,28,17,3.0481302653565663e-05,9.712470903553486,0.2218767925559401,128,69
65,PUBCHEM_13730,deoxyadenosine,5,DNA/deoxyribonucleotide systems,27,16,0.00048779952981217663,4.022515677576558,0.3307657518976207,109,70
42,PUBCHEM_11161,triglycine,3,Pre-nucleic/functional systems,23,16,8.56004888794935e-05,1.0974986463431482,0.24485340533999342,119,71
145,PUBCHEM_64968,thymidine triphosphate,5,DNA/deoxyribonucleotide systems,27,16,3.379433197396188e-05,8.52942040789531,0.26508847966641413,126,72
77,PUBCHEM_180,acetone,1,Simple organic chemistry,40,15,0.010671619736638988,-2.8121248962383487,0.35610463665177783,34,73
127,PUBCHEM_6137,methionine,2,Prebiotic building blocks,32,15,0.0013588521491644555,-0.8120142112323796,1.0272455446069664,95,74
105,PUBCHEM_5789,thymidine,5,DNA/deoxyribonucleotide systems,25,14,0.05064384790636255,2.8394651819183805,0.3739774390080951,10,75
183,PUBCHEM_9750,citrulline,2,Prebiotic building blocks,31,13,0.0018315877913768902,0.7066918777853742,0.8766603553824124,86,76
99,PUBCHEM_445639,oleic acid,2,Prebiotic building blocks,24,13,0.0003613534348324104,1.4594265184030848,6.259914097416981,113,77
67,PUBCHEM_14013,ammonium bicarbonate,1,Simple organic chemistry,31,12,0.005498134264320942,-1.7696084712035454,-1.3197630887335199,57,78
149,PUBCHEM_6613,pantothenic acid,2,Prebiotic building blocks,23,12,0.0008024564184759894,1.3093954516413868,1.5325920547366607,102,79
128,PUBCHEM_6140,phenylalanine,2,Prebiotic building blocks,29,11,0.14679196966457866,0.18912665231741957,1.0424188229817024,3,80
85,PUBCHEM_2723949,thioacetamide,3,Pre-nucleic/functional systems,13,11,0.0015099695184062562,-2.6512435782927053,-0.09933414725681275,94,81
137,PUBCHEM_6322,arginine,2,Prebiotic building blocks,27,10,0.0005401658264819336,0.8421034569392032,0.8425121187122493,106,82
80,PUBCHEM_261,butyraldehyde,1,Simple organic chemistry,22,9,0.0064474289711482224,-2.4942799398463475,0.98581622898717,46,83
175,PUBCHEM_8857,ethyl acetate,1,Simple organic chemistry,29,9,0.00537531475510093,-2.1598758396323063,0.6408076138753348,61,84
160,PUBCHEM_760,glyoxylic acid,1,Simple organic chemistry,33,8,0.0160514175563619,-2.128160915876122,-0.9408801348211157,20,85
157,PUBCHEM_751,glyceraldehyde,2,Prebiotic building blocks,14,8,0.0072126706042240545,-1.5207817042228495,-0.02750850261477979,43,86
153,PUBCHEM_702,ethanol,1,Simple organic chemistry,23,8,0.004247778599969115,-2.812253545107754,0.473892102580556,72,87
30,PUBCHEM_1031,propanol,1,Simple organic chemistry,22,8,0.003993220667357305,-2.559220452279046,0.8651494280068536,74,88
98,PUBCHEM_439665,threose,3,Pre-nucleic/functional systems,8,8,0.0022032960952018733,-0.6725872279947425,0.124581227464808,82,89
76,PUBCHEM_179,acetoin,1,Simple organic chemistry,23,8,0.0007033014221205801,-1.96393042001024,0.5081943667313655,103,90
118,PUBCHEM_6057,tyrosine,2,Prebiotic building blocks,24,7,0.004074840409662964,0.7480596327242939,0.8653400643333103,73,91
82,PUBCHEM_2723790,thiourea,2,Prebiotic building blocks,7,7,2.3037790987459247e-05,-2.3169858266071843,-1.1089447904742362,138,92
59,PUBCHEM_135398634,guanine,2,Prebiotic building blocks,13,6,0.08150383928223792,1.2474085565123403,-0.7061298818385073,7,93
171,PUBCHEM_7956,cyanuric acid,3,Pre-nucleic/functional systems,7,6,0.018462026624673306,0.11944099950704475,-1.367598183396198,18,94
28,PUBCHEM_1004,phosphoric acid,2,Prebiotic building blocks,8,6,0.011485864494822756,-1.4837579514738268,-1.5006436008478057,30,95
101,PUBCHEM_517165,ammonium acetate,1,Simple organic chemistry,27,6,0.005955137037053163,-1.9652680095594135,-0.5269251365001285,51,96
147,PUBCHEM_6561,isobutyraldehyde,1,Simple organic chemistry,18,5,0.007820230712968425,-2.546382495869394,0.8119746206974284,39,97
104,PUBCHEM_5460005,2-deoxyribose,2,Prebiotic building blocks,9,5,0.0033848381755494923,-0.4152373500732617,0.5732424544471051,77,98
158,PUBCHEM_753,glycerol,1,Simple organic chemistry,9,5,0.0009350121158169822,-1.3254944820055528,0.3387551910912005,100,99
92,PUBCHEM_32838,guanidinium,3,Pre-nucleic/functional systems,7,5,2.3037790987459247e-05,-1.8814116277770259,-1.4011553156326344,139,100
94,PUBCHEM_3520,guanidine,3,Pre-nucleic/functional systems,7,5,2.3037790987459247e-05,-1.8987948013047007,-1.1026887912655396,140,101
45,PUBCHEM_1135,thymine,2,Prebiotic building blocks,9,4,0.1302734488007196,-0.42364311575726504,-0.32488438605343123,5,102
152,PUBCHEM_69430,acetyl cyanide,1,Simple organic chemistry,20,4,0.027530391683155686,-2.3684018430870477,-0.24600776293766216,13,103
88,PUBCHEM_284,formic acid,1,Simple organic chemistry,18,4,0.007091586661639461,-2.8028273607260563,-1.014231873623392,44,104
166,PUBCHEM_787,hydroxylamine,1,Simple organic chemistry,9,4,0.005794274312859024,-2.668074856257394,-1.219317330210496,54,105
32,PUBCHEM_1045,putrescine,3,Pre-nucleic/functional systems,10,4,0.0003896798451491542,-1.470403195223136,1.1525865508110384,110,106
86,PUBCHEM_273,cadaverine,3,Pre-nucleic/functional systems,10,4,0.0003896798451491542,-1.2173701023944263,1.543843876237336,111,107
7,L0_463c82f2667d70f0,Struvite,0,Inorganic/mineral chemistry,5,4,0.00014180995992875843,1.849217469287354,-3.9945978503787156,117,108
106,PUBCHEM_5793,glucose,2,Prebiotic building blocks,10,3,0.017710309930423784,1.5001096801455958,-0.3273829358266823,19,109
143,PUBCHEM_6341,ethylamine,1,Simple organic chemistry,13,3,0.0063689834247635,-2.717241077341845,0.5177587374239718,47,110
119,PUBCHEM_6058,cysteamine,3,Pre-nucleic/functional systems,8,3,0.000366896871748246,-2.2997553603270187,0.5294382989234969,112,111
186,PUBCHEM_9864,cyanamide,2,Prebiotic building blocks,4,3,0.00018779807899896504,-2.5444611136316175,-1.0264744321667987,115,112
71,PUBCHEM_171548,biotin,2,Prebiotic building blocks,11,3,0.0,2.4616780663876625,1.3849439234606893,141,113
174,PUBCHEM_878,methyl mercaptan,2,Prebiotic building blocks,3,3,0.0,-3.235942927875013,0.4286489086118226,142,114
179,PUBCHEM_936,nicotinamide,2,Prebiotic building blocks,5,2,0.15068702619459795,-0.6574228933447541,-0.04162945892766592,1,115
46,PUBCHEM_1140,toluene,1,Simple organic chemistry,5,2,0.13262447213449724,-1.9499213379816434,0.7715395803389783,4,116
138,PUBCHEM_6324,ethane,1,Simple organic chemistry,8,2,0.027926003545892697,-3.400395552061131,0.8082266725385955,11,117
176,PUBCHEM_887,methanol,1,Simple organic chemistry,12,2,0.022266604972032887,-3.0076694161944584,0.22541587480335387,16,118
141,PUBCHEM_6329,methylamine,1,Simple organic chemistry,8,2,0.014812391039972452,-2.9126569484285487,0.26928250964676925,22,119
102,PUBCHEM_527,propionaldehyde,1,Simple organic chemistry,21,2,0.007708327118287915,-2.7545076744963426,0.49888573430087296,40,120
187,PUBCHEM_996,phenol,1,Simple organic chemistry,5,2,0.005082949545877027,-1.6036431504064683,0.19836569592573858,62,121
135,PUBCHEM_6305,tryptophan,2,Prebiotic building blocks,19,2,0.001963342324880979,1.6403263881971817,1.3573636082530578,85,122
155,PUBCHEM_729,glyceraldehyde 3-phosphate,2,Prebiotic building blocks,7,2,0.0011396808846104122,0.31430809294594925,-0.04271700680965295,97,123
89,PUBCHEM_289,catechol,1,Simple organic chemistry,4,2,0.001109529833438752,-1.0447101699995933,0.021286937277346773,98,124
39,PUBCHEM_1102,spermidine,3,Pre-nucleic/functional systems,8,2,2.4643288400404145e-05,-0.010587937357559925,2.1932864618219123,136,125
40,PUBCHEM_1103,spermine,3,Pre-nucleic/functional systems,8,2,2.4643288400404145e-05,1.449227320508016,3.2339863728327862,137,126
113,PUBCHEM_597,cytosine,2,Prebiotic building blocks,7,1,0.14709007934522147,-0.4713171205299909,-0.7096734511720522,2,127
48,PUBCHEM_1174,uracil,2,Prebiotic building blocks,7,1,0.013474569771686453,-0.641231377266418,-0.7865839707394222,24,128
50,PUBCHEM_1188,xanthine,2,Prebiotic building blocks,9,1,0.011273465162481948,1.0774942997759138,-0.7830404014058773,31,129
163,PUBCHEM_7854,propionitrile,1,Simple organic chemistry,9,1,0.003556205212338193,-2.7612566278231276,0.454590500726357,75,130
84,PUBCHEM_2723923,ammonium formate,1,Simple organic chemistry,11,1,0.0009288446859580378,-2.203851731573836,-1.349440379837327,101,131
162,PUBCHEM_77982,ribose 5-phosphate,2,Prebiotic building blocks,5,1,0.0003464462723013721,2.007819188673648,0.22319318564552307,114,132
72,PUBCHEM_174,ethylene glycol,1,Simple organic chemistry,5,1,0.0,-2.166494316412373,0.2823386302716122,143,133
180,PUBCHEM_967,orotic acid,2,Prebiotic building blocks,4,1,0.0,0.48472916878172745,-0.7667729779075901,144,134
144,PUBCHEM_6342,acetonitrile,1,Simple organic chemistry,3,1,0.0,-2.971061782552403,0.014767934429156037,145,135
27,PUBCHEM_10005,dicyandiamide,2,Prebiotic building blocks,2,1,0.0,-1.3929707076567994,-1.0614841283875214,146,136
6,L0_3299926263e92c7d,Formaldehyde,0,Inorganic/mineral chemistry,1,1,0.0,-3.2605137729820473,-0.9062331729826222,147,137
20,L0_c1f418a0e6bf9a26,Hydrogen cyanide,0,Inorganic/mineral chemistry,1,1,0.0,-3.2096455045668275,-0.8077473089080427,148,138
23,L0_ddf74783a6568c47,Carbon dioxide,0,Inorganic/mineral chemistry,1,1,0.0,-2.8852355525241045,-1.1536841173460948,149,139
35,PUBCHEM_1068,dimethyl sulfide,2,Prebiotic building blocks,1,1,0.0,-3.1737625447106614,0.6571864939310621,150,140
68,PUBCHEM_145742,proline,2,Prebiotic building blocks,1,1,0.0,-0.5221851046194048,0.3686929258378262,151,141
139,PUBCHEM_6325,ethylene,1,Simple organic chemistry,1,1,0.0,-3.4827519276043364,-0.38824941708989136,152,142
140,PUBCHEM_6326,acetylene,1,Simple organic chemistry,1,1,0.0,-3.4785619536726657,-0.5159591426521446,153,143
