record_id,source_name,layer,layer_name,pubchem_cid,inchikey,existing_formula,canonical_smiles,Canonical_RDKit_SMILES,RDKit_MolecularFormula,RDKit_MolecularWeight,RDKit_LogP,RDKit_TPSA,RDKit_HBondDonors,RDKit_HBondAcceptors,RDKit_RotatableBonds,RDKit_RingCount,RDKit_AromaticRings,RDKit_AliphaticRings,RDKit_HeavyAtomCount,RDKit_HeteroAtoms,RDKit_FractionCSP3,RDKit_MolMR,RDKit_FormalCharge,RDKit_AtomCount,RDKit_CarbonCount,RDKit_NitrogenCount,RDKit_OxygenCount,RDKit_PhosphorusCount,RDKit_SulfurCount,PCA_PC1,PCA_PC2,PCA_PC3,network_degree,cross_layer_degree,betweenness_centrality
L0_0f4168490e38b844,Water,0,Inorganic/mineral chemistry,962,XLYOFNOQVPJJNP-UHFFFAOYSA-N,H2O,O,O,H2O,18.015,-0.8247,31.5,0.0,0.0,0.0,0.0,0.0,0.0,1.0,1.0,0.0,3.6138,0.0,1.0,0.0,0.0,1.0,0.0,0.0,-3.470159361980426,-1.2086636641573816,0.08773913367199863,0,0,0.0
L0_16a20a03d513a3a5,Magnesite,0,Inorganic/mineral chemistry,11029,ZLNQQNXFFQJAID-UHFFFAOYSA-L,MgCO3,C(=O)([O-])[O-].[Mg+2],O=C([O-])[O-].[Mg+2],CMgO3,84.313,-2.8278,63.19,0.0,3.0,0.0,0.0,0.0,0.0,5.0,4.0,0.0,11.149999999999999,0.0,5.0,1.0,0.0,3.0,0.0,0.0,-2.1060423587379176,-1.7785832319788124,-0.4091507697521425,22,21,0.002088935582624414
L0_2839c274795890e6,Anhydrite,0,Inorganic/mineral chemistry,24497,OSGAYBCDTDRGGQ-UHFFFAOYSA-L,CaSO4,[O-]S(=O)(=O)[O-].[Ca+2],O=S(=O)([O-])[O-].[Ca+2],CaO4S,136.141,-1.7187999999999997,80.25999999999999,0.0,4.0,0.0,0.0,0.0,0.0,6.0,6.0,0.0,16.2286,0.0,6.0,0.0,0.0,4.0,0.0,1.0,-1.7886580067230626,-1.9514188806934751,-0.17132094937849796,1,0,0.0
L0_2c54521451dd9b7f,Hematite,0,Inorganic/mineral chemistry,14833,LIKBJVNGSGBSGK-UHFFFAOYSA-N,Fe2O3,[O-2].[O-2].[O-2].[Fe+3].[Fe+3],[Fe+3].[Fe+3].[O-2].[O-2].[O-2],Fe2O3,159.687,-0.3614,85.5,0.0,0.0,0.0,0.0,0.0,0.0,5.0,5.0,0.0,2.0595,0.0,5.0,0.0,0.0,3.0,0.0,0.0,-2.337108622803663,-1.432661908143977,-0.33780109885308596,0,0,0.0
L0_2d5f5a8dc4bbee0a,Methane,0,Inorganic/mineral chemistry,297,VNWKTOKETHGBQD-UHFFFAOYSA-N,CH4,C,C,CH4,16.043,0.6361,0.0,0.0,0.0,0.0,0.0,0.0,0.0,1.0,0.0,1.0,6.731,0.0,1.0,1.0,0.0,0.0,0.0,0.0,-3.595811423147834,0.5597504447613922,-0.5216899090546102,0,0,0.0
L0_31387126d7b6f1f2,Montmorillonite,0,Inorganic/mineral chemistry,71586775,GUJOJGAPFQRJSV-UHFFFAOYSA-N,variable,O.[O-2].[O-2].[O-2].O=[Si]=O.O=[Si]=O.O=[Si]=O.O=[Si]=O.[Al+3].[Al+3],O.O=[Si]=O.O=[Si]=O.O=[Si]=O.O=[Si]=O.[Al+3].[Al+3].[O-2].[O-2].[O-2],H2Al2O12Si4,360.312,-4.416299999999999,253.55999999999995,0.0,8.0,0.0,0.0,0.0,0.0,18.0,18.0,0.0,45.689299999999996,0.0,18.0,0.0,0.0,12.0,0.0,0.0,2.4035609005852367,-3.3551112027938115,-2.2330083934705143,0,0,0.0
L0_3299926263e92c7d,Formaldehyde,0,Inorganic/mineral chemistry,712,WSFSSNUMVMOOMR-UHFFFAOYSA-N,CH2O,C=O,C=O,CH2O,30.026,-0.1849,17.07,0.0,1.0,0.0,0.0,0.0,0.0,2.0,1.0,0.0,7.121,0.0,2.0,1.0,0.0,1.0,0.0,0.0,-3.2605137729820473,-0.9062331729826222,0.16961558074536787,1,1,0.0
L0_463c82f2667d70f0,Struvite,0,Inorganic/mineral chemistry,10220511,CKMXBZGNNVIXHC-UHFFFAOYSA-L,MgNH4PO4·6H2O,[NH4+].O.O.O.O.O.O.[O-]P(=O)([O-])[O-].[Mg+2],O.O.O.O.O.O.O=P([O-])([O-])[O-].[Mg+2].[NH4+],H16MgNO10P,245.404,-7.777399999999996,311.75,1.0,4.0,0.0,0.0,0.0,0.0,13.0,13.0,0.0,41.02810000000002,0.0,13.0,0.0,1.0,10.0,1.0,0.0,1.849217469287354,-3.9945978503787156,-2.1157168731226137,5,4,0.00014180995992875843
L0_47c4d6406db7b344,Nickel,0,Inorganic/mineral chemistry,935,PXHVJJICTQNCMI-UHFFFAOYSA-N,Ni,[Ni],[Ni],Ni,58.693,-0.0025,0.0,0.0,0.0,0.0,0.0,0.0,0.0,1.0,1.0,0.0,0.0,0.0,1.0,0.0,0.0,0.0,0.0,0.0,-3.628919382254219,-0.9169479532598723,0.2685096622315964,0,0,0.0
L0_4abaf58b811438a2,Ulexite,0,Inorganic/mineral chemistry,102600792,RNCQTUQXZQSENY-UHFFFAOYSA-N,NaCaB5O9·8H2O,B1(OB2OB(O1)OB(O2)OB([O-])[O-])[O-].O.O.O.O.O.O.O.O.[Na+].[Ca+2],O.O.O.O.O.O.O.O.[Ca+2].[Na+].[O-]B([O-])OB1OB2OB([O-])OB(O1)O2,H16B5CaNaO17,405.23900000000015,-15.855799999999995,376.56,0.0,9.0,2.0,2.0,0.0,2.0,24.0,24.0,0.0,69.9444,0.0,24.0,0.0,0.0,17.0,0.0,0.0,6.519686355845483,-6.700309176618332,-3.5790536882122854,1,0,0.0
L0_52c8a333d6e31caf,Sphalerite,0,Inorganic/mineral chemistry,14821,WGPCGCOKHWGKJJ-UHFFFAOYSA-N,ZnS,S=[Zn],[S]=[Zn],SZn,97.457,0.6457,0.0,0.0,1.0,0.0,0.0,0.0,0.0,2.0,2.0,0.0,7.591,0.0,2.0,0.0,0.0,0.0,0.0,1.0,-3.422420285263248,-0.9237496520390758,0.6424141789719242,2,0,0.0
L0_6fd7b80b1330af19,Borax,0,Inorganic/mineral chemistry,16211214,CDMADVZSLOHIFP-UHFFFAOYSA-N,Na2B4O7·10H2O,B1(OB2OB(OB(O1)O2)[O-])[O-].O.O.O.O.O.O.O.O.O.O.[Na+].[Na+],O.O.O.O.O.O.O.O.O.O.[Na+].[Na+].[O-]B1OB2OB([O-])OB(O1)O2,H20B4Na2O17,381.37100000000015,-18.48220000000001,407.27,0.0,7.0,0.0,2.0,0.0,2.0,23.0,23.0,0.0,64.57900000000005,0.0,23.0,0.0,0.0,17.0,0.0,0.0,6.19737645036917,-7.592671872138115,-3.6334242226263775,1,0,0.0
L0_7da6add96d763c13,Chalcopyrite,0,Inorganic/mineral chemistry,19601290,DVRDHUBQLOKMHZ-UHFFFAOYSA-N,CuFeS2,[S-2].[S-2].[Fe+2].[Cu+2],[Cu+2].[Fe+2].[S-2].[S-2],CuFeS2,183.525,-0.0098,0.0,0.0,0.0,0.0,0.0,0.0,0.0,4.0,4.0,0.0,14.73,0.0,4.0,0.0,0.0,0.0,0.0,2.0,-3.1094707224761375,-1.1594085263272762,0.8806553511568019,0,0,0.0
L0_8b18b142f9f05540,Sylvite,0,Inorganic/mineral chemistry,4873,WCUXLLCKKVVCTQ-UHFFFAOYSA-M,KCl,[Cl-].[K+],[Cl-].[K+],ClK,74.551,-5.992,0.0,0.0,0.0,0.0,0.0,0.0,0.0,2.0,2.0,0.0,0.0,0.0,2.0,0.0,0.0,0.0,0.0,0.0,-3.202275431643878,-2.201900916909281,-0.21303471022245188,1,0,0.0
L0_9c182c4b8abdfed2,Carbon monoxide,0,Inorganic/mineral chemistry,281,UGFAIRIUMAVXCW-UHFFFAOYSA-N,CO,[C-]#[O+],[C-]#[O+],CO,28.009999999999998,-0.03751,19.9,0.0,0.0,0.0,0.0,0.0,0.0,2.0,1.0,0.0,3.9295,0.0,2.0,1.0,0.0,1.0,0.0,0.0,-3.389796218710955,-0.875972280721979,0.18306214631606077,0,0,0.0
L0_9e84a582e2f4e097,Halite,0,Inorganic/mineral chemistry,5234,FAPWRFPIFSIZLT-UHFFFAOYSA-M,NaCl,[Na+].[Cl-],[Cl-].[Na+],ClNa,58.443,-5.992,0.0,0.0,0.0,0.0,0.0,0.0,0.0,2.0,2.0,0.0,0.0,0.0,2.0,0.0,0.0,0.0,0.0,0.0,-3.2402935279731317,-2.2037213496890495,-0.20457518248224213,1,0,0.0
L0_a2bdc78162b620e9,Cobalt,0,Inorganic/mineral chemistry,104730,GUTLYIVDDKVIGB-UHFFFAOYSA-N,Co,[Co],[Co],Co,58.933,-0.0025,0.0,0.0,0.0,0.0,0.0,0.0,0.0,1.0,1.0,0.0,0.0,0.0,1.0,0.0,0.0,0.0,0.0,0.0,-3.62835293433275,-0.9169208298511845,0.26838362009988137,0,0,0.0
L0_aed778121d5e11f6,Ammonia,0,Inorganic/mineral chemistry,222,QGZKDVFQNNGYKY-UHFFFAOYSA-N,NH3,N,N,H3N,17.031,0.16199999999999998,35.0,1.0,1.0,0.0,0.0,0.0,0.0,1.0,1.0,0.0,5.0221,0.0,1.0,0.0,1.0,0.0,0.0,0.0,-3.211192909998098,-0.9495684115457448,0.5042526401132744,0,0,0.0
L0_af3e3862e89ed6d2,Pyrite,0,Inorganic/mineral chemistry,14788,NFMAZVUSKIJEIH-UHFFFAOYSA-N,FeS2,S=[Fe]=S,[S]=[Fe]=[S],FeS2,119.97900000000001,1.2939,0.0,0.0,2.0,0.0,0.0,0.0,0.0,3.0,3.0,0.0,15.182,0.0,3.0,0.0,0.0,0.0,0.0,2.0,-3.2542555513576845,-0.9323869275012306,1.0248485969760022,0,0,0.0
L0_be292df0c6aee9c1,Barite,0,Inorganic/mineral chemistry,24414,TZCXTZWJZNENPQ-UHFFFAOYSA-L,BaSO4,[O-]S(=O)(=O)[O-].[Ba+2],O=S(=O)([O-])[O-].[Ba+2],BaO4S,233.391,-1.7187999999999997,80.25999999999999,0.0,4.0,0.0,0.0,0.0,0.0,6.0,6.0,0.0,16.2286,0.0,6.0,0.0,0.0,4.0,0.0,1.0,-1.5591285885445125,-1.9404282494647358,-0.2223942715001368,1,0,0.0
L0_c1f418a0e6bf9a26,Hydrogen cyanide,0,Inorganic/mineral chemistry,768,LELOWRISYMNNSU-UHFFFAOYSA-N,HCN,C#N,C#N,CHN,27.025999999999996,0.13978,23.79,0.0,1.0,0.0,0.0,0.0,0.0,2.0,1.0,0.0,6.67,0.0,2.0,1.0,1.0,0.0,0.0,0.0,-3.2096455045668275,-0.8077473089080427,0.5276018379871398,1,1,0.0
L0_d982e6a7ff42c25e,Hydrogen sulfide,0,Inorganic/mineral chemistry,402,RWSOTUBLDIXVET-UHFFFAOYSA-N,H2S,S,S,H2S,34.083,0.11280000000000001,0.0,0.0,0.0,0.0,0.0,0.0,0.0,1.0,1.0,0.0,10.381,0.0,1.0,0.0,0.0,0.0,0.0,1.0,-3.7375461701329216,-0.9731364428863303,0.6742734424548843,0,0,0.0
L0_dd1c355b8cc591e6,Molybdenite,0,Inorganic/mineral chemistry,14823,CWQXQMHSOZUFJS-UHFFFAOYSA-N,MoS2,S=[Mo]=S,[S]=[Mo]=[S],MoS2,160.074,1.2939,0.0,0.0,2.0,0.0,0.0,0.0,0.0,3.0,3.0,0.0,15.182,0.0,3.0,0.0,0.0,0.0,0.0,2.0,-3.159623345477285,-0.92785562303731,1.0037916833465204,0,0,0.0
L0_ddf74783a6568c47,Carbon dioxide,0,Inorganic/mineral chemistry,280,CURLTUGMZLYLDI-UHFFFAOYSA-N,CO2,C(=O)=O,O=C=O,CO2,44.009,-0.5835,34.14,0.0,2.0,0.0,0.0,0.0,0.0,3.0,2.0,0.0,5.007,0.0,3.0,1.0,0.0,2.0,0.0,0.0,-2.8852355525241045,-1.1536841173460948,-0.01883102774889998,1,1,0.0
L0_e1129d7f3591a5d9,Galena,0,Inorganic/mineral chemistry,14819,XCAUINMIESBTBL-UHFFFAOYSA-N,PbS,S=[Pb],[S]=[Pb],PbS,239.267,0.26739999999999997,0.0,0.0,1.0,0.0,0.0,0.0,0.0,2.0,2.0,0.0,13.344999999999999,0.0,2.0,0.0,0.0,0.0,0.0,1.0,-3.00707511786284,-0.9441311744111982,0.5412095059271437,2,0,0.0
L0_f981390c58218f98,Greenockite,0,Inorganic/mineral chemistry,14783,CJOBVZJTOIVNNF-UHFFFAOYSA-N,CdS,S=[Cd],[S]=[Cd],CdS,144.479,0.6457,0.0,0.0,1.0,0.0,0.0,0.0,0.0,2.0,2.0,0.0,7.591,0.0,2.0,0.0,0.0,0.0,0.0,1.0,-3.3114389762494505,-0.9184354981919,0.6177193743158453,2,0,0.0
L3_e47a9c4ce3cf16e5,cyclo(gly-ala),3,Pre-nucleic/functional systems,7817,BXRNXXXXHLBUKK-UHFFFAOYSA-N,,C1C(=O)NCC(=O)N1,O=C1CNC(=O)CN1,C4H6N2O2,114.104,-1.7676,58.2,2.0,2.0,0.0,1.0,0.0,1.0,8.0,4.0,0.5,26.019399999999997,0.0,8.0,4.0,2.0,2.0,0.0,0.0,-0.4145239472654872,-0.6454965927073679,0.15765435566871652,1,0,0.0
PUBCHEM_10005,dicyandiamide,2,Prebiotic building blocks,10005,QGBSISYHAICWAH-UHFFFAOYSA-N,,C(#N)N=C(N)N,N#CN=C(N)N,C2H4N4,84.08200000000002,-1.2591200000000002,88.19,2.0,2.0,0.0,0.0,0.0,0.0,6.0,4.0,0.0,21.422800000000006,0.0,6.0,2.0,4.0,0.0,0.0,0.0,-1.3929707076567994,-1.0614841283875214,1.0131345042471422,2,1,0.0
PUBCHEM_1004,phosphoric acid,2,Prebiotic building blocks,1004,NBIIXXVUZAFLBC-UHFFFAOYSA-N,,OP(=O)(O)O,O=P(O)(O)O,H3O4P,97.99399999999999,-0.9286000000000001,77.76,3.0,1.0,0.0,0.0,0.0,0.0,5.0,5.0,0.0,14.2629,0.0,5.0,0.0,0.0,4.0,1.0,0.0,-1.4837579514738268,-1.5006436008478057,-0.5781562251771384,8,6,0.011485864494822756
PUBCHEM_1023,pyrophosphoric acid,2,Prebiotic building blocks,1023,XPPKVPWEQAFLFU-UHFFFAOYSA-N,,OP(=O)(O)OP(=O)(O)O,O=P(O)(O)OP(=O)(O)O,H4O7P2,177.973,-0.8116000000000001,124.29000000000002,4.0,3.0,2.0,0.0,0.0,0.0,9.0,9.0,0.0,25.173199999999998,0.0,9.0,0.0,0.0,7.0,2.0,0.0,0.4436747629302386,-1.547483828421209,-1.403017023747748,3,0,0.00013822122633232683
PUBCHEM_1031,propanol,1,Simple organic chemistry,1031,BDERNNFJNOPAEC-UHFFFAOYSA-N,,CCCO,CCCO,C3H8O,60.096,0.3887,20.23,1.0,1.0,1.0,0.0,0.0,0.0,4.0,1.0,1.0,17.376800000000003,0.0,4.0,3.0,0.0,1.0,0.0,0.0,-2.559220452279046,0.8651494280068536,-0.7396922712745094,22,8,0.003993220667357305
PUBCHEM_1032,propionic acid,1,Simple organic chemistry,1032,XBDQKXXYIPTUBI-UHFFFAOYSA-N,,CCC(=O)O,CCC(=O)O,C3H6O2,74.079,0.481,37.3,1.0,1.0,1.0,0.0,0.0,0.0,5.0,2.0,0.6666666666666666,17.9268,0.0,5.0,3.0,0.0,2.0,0.0,0.0,-2.296821262240351,0.39088703366010324,-0.5799524732864682,59,31,0.023938675963220885
PUBCHEM_1045,putrescine,3,Pre-nucleic/functional systems,1045,KIDHWZJUCRJVML-UHFFFAOYSA-N,,C(CCN)CN,NCCCCN,C4H12N2,88.15400000000001,-0.31599999999999956,52.04,2.0,2.0,3.0,0.0,0.0,0.0,6.0,2.0,1.0,27.342799999999997,0.0,6.0,4.0,2.0,0.0,0.0,0.0,-1.470403195223136,1.1525865508110384,-0.40611903217696127,10,4,0.0003896798451491542
PUBCHEM_1054,pyridoxine,2,Prebiotic building blocks,1054,LXNHXLLTXMVWPM-UHFFFAOYSA-N,,CC1=NC=C(C(=C1O)CO)CO,Cc1ncc(CO)c(CO)c1O,C8H11NO3,169.17999999999998,0.08022000000000001,73.58000000000001,3.0,4.0,2.0,1.0,1.0,0.0,12.0,4.0,0.375,42.484400000000015,0.0,12.0,8.0,1.0,3.0,0.0,0.0,0.5617391598998251,0.6704225792053399,0.71647954865237,1,0,0.0
PUBCHEM_1060,pyruvic acid,1,Simple organic chemistry,1060,LCTONWCANYUPML-UHFFFAOYSA-N,,CC(=O)C(=O)O,CC(=O)C(=O)O,C3H4O3,88.06199999999998,-0.34000000000000014,54.370000000000005,1.0,2.0,1.0,0.0,0.0,0.0,6.0,3.0,0.3333333333333333,18.3168,0.0,6.0,3.0,0.0,3.0,0.0,0.0,-1.903966477504272,-0.3097112300039161,-0.4956291568157065,41,20,0.004593421614407011
PUBCHEM_1068,dimethyl sulfide,2,Prebiotic building blocks,1068,QMMFVYPAHWMCMS-UHFFFAOYSA-N,,CSC,CSC,C2H6S,62.137,0.9792,0.0,0.0,1.0,0.0,0.0,0.0,0.0,3.0,1.0,1.0,19.438999999999997,0.0,3.0,2.0,0.0,0.0,0.0,1.0,-3.1737625447106614,0.6571864939310621,-0.153674989650149,1,1,0.0
PUBCHEM_107909,phosphorous acid,2,Prebiotic building blocks,107909,OJMIONKXNSYLSR-UHFFFAOYSA-N,,OP(O)O,OP(O)O,H3O3P,81.99499999999999,-0.8098000000000001,60.69,3.0,3.0,0.0,0.0,0.0,0.0,4.0,4.0,0.0,13.5764,0.0,4.0,0.0,0.0,3.0,1.0,0.0,-1.6057506039212548,-1.4288799504159584,-0.43323835825264617,0,0,0.0
PUBCHEM_10975657,ribose,2,Prebiotic building blocks,10975657,SRBFZHDQGSBBOR-SOOFDHNKSA-N,,C1[C@H]([C@H]([C@H](C(O1)O)O)O)O,OC1OC[C@@H](O)[C@@H](O)[C@H]1O,C5H10O5,150.13,-2.5823,90.15,4.0,5.0,0.0,1.0,0.0,1.0,10.0,5.0,1.0,29.979199999999988,0.0,10.0,5.0,0.0,5.0,0.0,0.0,0.6591098457387748,-0.3837994966462716,-1.2206055243206466,2,0,0.0
PUBCHEM_11005,myristic acid,2,Prebiotic building blocks,11005,TUNFSRHWOTWDNC-UHFFFAOYSA-N,,CCCCCCCCCCCCCC(=O)O,CCCCCCCCCCCCCC(=O)O,C14H28O2,228.37599999999995,4.772100000000004,37.3,1.0,1.0,12.0,0.0,0.0,0.0,16.0,2.0,0.9285714285714286,68.71380000000006,0.0,16.0,14.0,0.0,2.0,0.0,0.0,0.509154490313776,4.995404716737948,-1.1486668917954024,37,22,0.001520180025389248
PUBCHEM_1102,spermidine,3,Pre-nucleic/functional systems,1102,ATHGHQPFGPMSJY-UHFFFAOYSA-N,,C(CCNCCCN)CN,NCCCCNCCCN,C7H19N3,145.25,-0.33629999999999843,64.07,3.0,3.0,7.0,0.0,0.0,0.0,10.0,3.0,1.0,44.8295,0.0,10.0,7.0,3.0,0.0,0.0,0.0,-0.010587937357559925,2.1932864618219123,-0.4473886873745781,8,2,2.4643288400404145e-05
PUBCHEM_1103,spermine,3,Pre-nucleic/functional systems,1103,PFNFFQXMRSDOHW-UHFFFAOYSA-N,,C(CCNCCCN)CNCCCN,NCCCNCCCCNCCCN,C10H26N4,202.34599999999998,-0.35659999999999753,76.1,4.0,4.0,11.0,0.0,0.0,0.0,14.0,4.0,1.0,62.31620000000004,0.0,14.0,10.0,4.0,0.0,0.0,0.0,1.449227320508016,3.2339863728327862,-0.48865834257219565,8,2,2.4643288400404145e-05
PUBCHEM_1110,succinic acid,1,Simple organic chemistry,1110,KDYFGRWQOYBRFD-UHFFFAOYSA-N,,C(CC(=O)O)C(=O)O,O=C(O)CCC(=O)O,C4H6O4,118.08799999999998,-0.06420000000000015,74.6,2.0,2.0,3.0,0.0,0.0,0.0,8.0,4.0,0.5,24.505599999999994,0.0,8.0,4.0,0.0,4.0,0.0,0.0,-1.121240467034993,0.3076748309507059,-0.9039118819867337,52,32,0.0072569307090869645
PUBCHEM_11161,triglycine,3,Pre-nucleic/functional systems,11161,XKUKSGPZAADMRA-UHFFFAOYSA-N,,C(C(=O)NCC(=O)NCC(=O)O)N,NCC(=O)NCC(=O)NCC(=O)O,C6H11N3O4,189.171,-2.737899999999999,121.52000000000001,4.0,4.0,5.0,0.0,0.0,0.0,13.0,7.0,0.5,42.709599999999995,0.0,13.0,6.0,3.0,4.0,0.0,0.0,1.0974986463431482,0.24485340533999342,-0.6173386650991318,23,16,8.56004888794935e-05
PUBCHEM_11163,glycylglycine,3,Pre-nucleic/functional systems,11163,YMAWOPBAYDPSLA-UHFFFAOYSA-N,,C(C(=O)NCC(=O)O)N,NCC(=O)NCC(=O)O,C4H8N2O3,132.11899999999997,-1.854099999999999,92.42,3.0,3.0,3.0,0.0,0.0,0.0,9.0,5.0,0.5,29.699899999999996,0.0,9.0,4.0,2.0,3.0,0.0,0.0,-0.3629866479535967,-0.04727503120586368,-0.4923445275794799,35,28,0.0006833682379008116
PUBCHEM_1130,thiamine,2,Prebiotic building blocks,1130,JZRWCGZRTZMZEH-UHFFFAOYSA-N,,CC1=C(SC=[N+]1CC2=CN=C(N=C2N)C)CCO,Cc1ncc(C[n+]2csc(CCO)c2C)c(N)n1,C12H17N4OS+,265.36199999999997,0.60774,75.91,2.0,5.0,4.0,2.0,2.0,0.0,18.0,6.0,0.4166666666666667,70.32420000000002,1.0,18.0,12.0,4.0,1.0,0.0,1.0,2.591639206087073,1.7085233399372977,6.1920256259092366,1,0,0.0
PUBCHEM_1135,thymine,2,Prebiotic building blocks,1135,RWQNBRDOKXIBIV-UHFFFAOYSA-N,,CC1=CNC(=O)NC1=O,Cc1c[nH]c(=O)[nH]c1=O,C5H6N2O2,126.115,-0.6283800000000002,65.72,2.0,2.0,0.0,1.0,1.0,0.0,9.0,4.0,0.2,32.420399999999994,0.0,9.0,5.0,2.0,2.0,0.0,0.0,-0.42364311575726504,-0.32488438605343123,1.294497978105888,9,4,0.1302734488007196
PUBCHEM_1140,toluene,1,Simple organic chemistry,1140,YXFVVABEGXRONW-UHFFFAOYSA-N,,CC1=CC=CC=C1,Cc1ccccc1,C7H8,92.14099999999999,1.99502,0.0,0.0,0.0,0.0,1.0,1.0,0.0,7.0,0.0,0.14285714285714285,31.17899999999999,0.0,7.0,7.0,0.0,0.0,0.0,0.0,-1.9499213379816434,0.7715395803389783,1.4666349828920382,5,2,0.13262447213449724
PUBCHEM_1146,trimethylamine,1,Simple organic chemistry,1146,GETQZCLCWQTVFV-UHFFFAOYSA-N,,CN(C)C,CN(C)C,C3H9N,59.111999999999995,0.17779999999999996,3.24,0.0,1.0,0.0,0.0,0.0,0.0,4.0,1.0,1.0,19.610999999999997,0.0,4.0,3.0,1.0,0.0,0.0,0.0,-2.7205521399901422,0.7675671509583035,-0.3148100119662891,1,0,0.0
PUBCHEM_1174,uracil,2,Prebiotic building blocks,1174,ISAKRJDGNUQOIC-UHFFFAOYSA-N,,C1=CNC(=O)NC1=O,O=c1cc[nH]c(=O)[nH]1,C4H4N2O2,112.08799999999998,-0.9368000000000001,65.72,2.0,2.0,0.0,1.0,1.0,0.0,8.0,4.0,0.0,27.6834,0.0,8.0,4.0,2.0,2.0,0.0,0.0,-0.641231377266418,-0.7865839707394222,1.440650596305022,7,1,0.013474569771686453
PUBCHEM_1176,urea,1,Simple organic chemistry,1176,XSQUKJJJFZCRTK-UHFFFAOYSA-N,,C(=O)(N)N,NC(N)=O,CH4N2O,60.05599999999999,-0.9762,69.11,2.0,1.0,0.0,0.0,0.0,0.0,4.0,3.0,0.0,13.7708,0.0,4.0,1.0,2.0,1.0,0.0,0.0,-2.138273977467859,-1.1427479809984942,0.48929954006391335,45,23,0.08135692741170657
PUBCHEM_1188,xanthine,2,Prebiotic building blocks,1188,LRFVTYWOQMYALW-UHFFFAOYSA-N,,C1=NC2=C(N1)C(=O)NC(=O)N2,O=c1[nH]c(=O)c2[nH]cnc2[nH]1,C5H4N4O2,152.113,-1.0605000000000002,94.4,3.0,3.0,0.0,2.0,2.0,0.0,11.0,6.0,0.0,37.33509999999998,0.0,11.0,5.0,4.0,2.0,0.0,0.0,1.0774942997759138,-0.7830404014058773,2.876524286457828,9,1,0.011273465162481948
PUBCHEM_119,aminobutyric acid,3,Pre-nucleic/functional systems,119,BTCSSZJGUNDROE-UHFFFAOYSA-N,,C(CC(=O)O)CN,NCCCC(=O)O,C4H9NO2,103.12100000000001,-0.19009999999999982,63.31999999999999,2.0,2.0,3.0,0.0,0.0,0.0,7.0,3.0,0.75,25.924199999999995,0.0,7.0,4.0,1.0,2.0,0.0,0.0,-1.2958218311290641,0.7301306908808722,-0.6550154570818474,51,39,0.011960647746388714
PUBCHEM_12599,deoxyadenosine monophosphate,5,DNA/deoxyribonucleotide systems,12599,KHWCHTKSEGGWEX-RRKCRQDMSA-N,,C1[C@@H]([C@H](O[C@H]1N2C=NC3=C(N=CN=C32)N)COP(=O)(O)O)O,Nc1ncnc2c1ncn2[C@H]1C[C@H](O)[C@@H](COP(=O)(O)O)O1,C10H14N5O6P,331.225,-0.8338000000000001,165.84,4.0,8.0,4.0,3.0,2.0,1.0,22.0,12.0,0.5,72.2653,0.0,22.0,10.0,5.0,6.0,1.0,0.0,5.857605474745355,0.3155572477027478,1.8105133143840797,28,17,3.0481302653565663e-05
PUBCHEM_135398592,deoxyguanosine,5,DNA/deoxyribonucleotide systems,135398592,YKBGVTZYEHREMT-KVQBGUIXSA-N,,C1[C@@H]([C@H](O[C@H]1N2C=NC3=C2N=C(NC3=O)N)CO)O,Nc1nc2c(ncn2[C@H]2C[C@H](O)[C@@H](CO)O2)c(=O)[nH]1,C10H13N5O4,267.245,-1.6574999999999993,139.28,4.0,7.0,2.0,3.0,2.0,1.0,19.0,9.0,0.5,64.1807,0.0,19.0,10.0,5.0,4.0,0.0,0.0,4.51915042437353,0.10753974633501831,2.430021814162474,30,19,0.0046434550801542455
PUBCHEM_135398597,deoxyguanosine monophosphate,5,DNA/deoxyribonucleotide systems,135398597,LTFMZDNNPPEQNG-KVQBGUIXSA-N,,C1[C@@H]([C@H](O[C@H]1N2C=NC3=C2N=C(NC3=O)N)COP(=O)(O)O)O,Nc1nc2c(ncn2[C@H]2C[C@H](O)[C@@H](COP(=O)(O)O)O2)c(=O)[nH]1,C10H14N5O7P,347.22400000000005,-1.5404999999999998,185.80999999999997,5.0,8.0,4.0,3.0,2.0,1.0,23.0,13.0,0.5,75.091,0.0,23.0,10.0,5.0,7.0,1.0,0.0,6.3542402215423275,0.09233124214014547,1.6129082586037522,30,19,0.0046434550801542455
PUBCHEM_135398599,deoxyguanosine triphosphate,5,DNA/deoxyribonucleotide systems,135398599,HAAZLUGHYHWQIW-KVQBGUIXSA-N,,C1[C@@H]([C@H](O[C@H]1N2C=NC3=C2N=C(NC3=O)N)COP(=O)(O)OP(=O)(O)OP(=O)(O)O)O,Nc1nc2c(ncn2[C@H]2C[C@H](O)[C@@H](COP(=O)(O)OP(=O)(O)OP(=O)(O)O)O2)c(=O)[nH]1,C10H16N5O13P3,507.18200000000013,-1.3065,278.86999999999995,7.0,12.0,8.0,3.0,2.0,1.0,31.0,21.0,0.5,96.91159999999999,0.0,31.0,10.0,5.0,13.0,3.0,0.0,10.209105650350459,-0.0013492130066631845,-0.036813338537468536,29,18,0.004618289562188192
PUBCHEM_135398619,guanosine diphosphate,4,RNA/ribonucleotide systems,135398619,QGWNDRXFNXRZMB-UUOKFMHZSA-N,,C1=NC2=C(N1[C@H]3[C@@H]([C@@H]([C@H](O3)COP(=O)(O)OP(=O)(O)O)O)O)N=C(NC2=O)N,Nc1nc2c(ncn2[C@@H]2O[C@H](COP(=O)(O)OP(=O)(O)O)[C@@H](O)[C@H]2O)c(=O)[nH]1,C10H15N5O11P2,443.20200000000006,-2.452699999999999,252.57,7.0,11.0,6.0,3.0,2.0,1.0,28.0,18.0,0.5,87.3911,0.0,28.0,10.0,5.0,11.0,2.0,0.0,8.869639677524505,-0.28934975003996816,0.5579811114242228,30,21,0.0046434550801542455
PUBCHEM_135398631,guanosine monophosphate,4,RNA/ribonucleotide systems,135398631,RQFCJASXJCIDSX-UUOKFMHZSA-N,,C1=NC2=C(N1[C@H]3[C@@H]([C@@H]([C@H](O3)COP(=O)(O)O)O)O)N=C(NC2=O)N,Nc1nc2c(ncn2[C@@H]2O[C@H](COP(=O)(O)O)[C@@H](O)[C@H]2O)c(=O)[nH]1,C10H14N5O8P,363.223,-2.569699999999999,206.04000000000002,6.0,9.0,4.0,3.0,2.0,1.0,24.0,14.0,0.5,76.48079999999999,0.0,24.0,10.0,5.0,8.0,1.0,0.0,6.942206963120439,-0.24250952246656388,1.3828419099948326,30,21,0.0046434550801542455
PUBCHEM_135398633,guanosine triphosphate,4,RNA/ribonucleotide systems,135398633,XKMLYUALXHKNFT-UUOKFMHZSA-N,,C1=NC2=C(N1[C@H]3[C@@H]([C@@H]([C@H](O3)COP(=O)(O)OP(=O)(O)OP(=O)(O)O)O)O)N=C(NC2=O)N,Nc1nc2c(ncn2[C@@H]2O[C@H](COP(=O)(O)OP(=O)(O)OP(=O)(O)O)[C@@H](O)[C@H]2O)c(=O)[nH]1,C10H16N5O14P3,523.181,-2.3357000000000006,299.09999999999997,8.0,13.0,8.0,3.0,2.0,1.0,32.0,22.0,0.5,98.3014,0.0,32.0,10.0,5.0,14.0,3.0,0.0,10.79707239192857,-0.3361899776133723,-0.2668796871463876,30,21,0.0046434550801542455
PUBCHEM_135398634,guanine,2,Prebiotic building blocks,135398634,UYTPUPDQBNUYGX-UHFFFAOYSA-N,,C1=NC2=C(N1)C(=O)NC(=N2)N,Nc1nc2nc[nH]c2c(=O)[nH]1,C5H5N5O,151.12899999999996,-0.7716000000000003,100.45,3.0,4.0,0.0,2.0,2.0,0.0,11.0,6.0,0.0,38.92179999999998,0.0,11.0,5.0,5.0,1.0,0.0,0.0,1.2474085565123403,-0.7061298818385073,3.224826664539865,13,6,0.08150383928223792
PUBCHEM_135398635,guanosine,2,Prebiotic building blocks,135398635,NYHBQMYGNKIUIF-UUOKFMHZSA-N,,C1=NC2=C(N1[C@H]3[C@@H]([C@@H]([C@H](O3)CO)O)O)N=C(NC2=O)N,Nc1nc2c(ncn2[C@@H]2O[C@H](CO)[C@@H](O)[C@H]2O)c(=O)[nH]1,C10H13N5O5,283.244,-2.6866999999999988,159.51000000000002,5.0,8.0,2.0,3.0,2.0,1.0,20.0,10.0,0.5,65.57050000000001,0.0,20.0,10.0,5.0,5.0,0.0,0.0,5.1071171659516414,-0.22730101827169097,2.199955465553556,31,25,0.006629620457774156
PUBCHEM_135398638,hypoxanthine,2,Prebiotic building blocks,135398638,FDGQSTZJBFJUBT-UHFFFAOYSA-N,,C1=NC2=C(N1)C(=O)NC=N2,O=c1[nH]cnc2nc[nH]c12,C5H4N4O,136.11399999999998,-0.35380000000000006,74.43,2.0,3.0,0.0,2.0,2.0,0.0,10.0,5.0,0.0,34.50939999999999,0.0,10.0,5.0,4.0,1.0,0.0,0.0,0.5808595529789417,-0.5598143958432745,3.0741293422381557,7,0,0.008121208459915557
PUBCHEM_135398641,inosine,2,Prebiotic building blocks,135398641,UGQMRVRMYYASKQ-KQYNXXCUSA-N,,C1=NC2=C(C(=O)N1)N=CN2[C@H]3[C@@H]([C@@H]([C@H](O3)CO)O)O,O=c1[nH]cnc2c1ncn2[C@@H]1O[C@H](CO)[C@@H](O)[C@H]1O,C10H12N4O5,268.229,-2.2689,133.49,4.0,7.0,2.0,3.0,2.0,1.0,19.0,9.0,0.5,61.15810000000002,0.0,19.0,10.0,4.0,5.0,0.0,0.0,4.440568162418244,-0.08098553227645833,2.0492581432518464,33,25,0.02314042361754209
PUBCHEM_137,aminolevulinic acid,3,Pre-nucleic/functional systems,137,ZGXJTSGNIOSYLO-UHFFFAOYSA-N,,C(CC(=O)O)C(=O)CN,NCC(=O)CCC(=O)O,C5H9NO3,131.13099999999997,-0.621,80.39,2.0,3.0,4.0,0.0,0.0,0.0,9.0,4.0,0.6,30.931199999999997,0.0,9.0,5.0,1.0,3.0,0.0,0.0,-0.634105741557445,0.631270725015149,-0.7676356142884027,39,32,0.0011574761508703997
PUBCHEM_13711,deoxycytidine,5,DNA/deoxyribonucleotide systems,13711,CKTSBUTUHBMZGZ-SHYZEUOFSA-N,,C1[C@@H]([C@H](O[C@H]1N2C=CC(=NC2=O)N)CO)O,Nc1ccn([C@H]2C[C@H](O)[C@@H](CO)O2)c(=O)n1,C9H13N3O4,227.21999999999997,-1.5337999999999996,110.60000000000001,3.0,6.0,2.0,2.0,1.0,1.0,16.0,7.0,0.5555555555555556,54.52900000000002,0.0,16.0,9.0,3.0,4.0,0.0,0.0,2.8052211752120564,0.1677782898414727,0.943566276232233,30,19,0.0005683641265058056
PUBCHEM_13730,deoxyadenosine,5,DNA/deoxyribonucleotide systems,13730,OLXZPDWKRNYJJZ-RRKCRQDMSA-N,,C1[C@@H]([C@H](O[C@H]1N2C=NC3=C(N=CN=C32)N)CO)O,Nc1ncnc2c1ncn2[C@H]1C[C@H](O)[C@@H](CO)O1,C10H13N5O3,251.246,-0.9508000000000003,119.31,3.0,7.0,2.0,3.0,2.0,1.0,18.0,8.0,0.5,61.35500000000002,0.0,18.0,10.0,5.0,3.0,0.0,0.0,4.022515677576558,0.3307657518976207,2.627626869942802,27,16,0.00048779952981217663
PUBCHEM_13945,deoxycytidine monophosphate,5,DNA/deoxyribonucleotide systems,13945,NCMVOABPESMRCP-SHYZEUOFSA-N,,C1[C@@H]([C@H](O[C@H]1N2C=CC(=NC2=O)N)COP(=O)(O)O)O,Nc1ccn([C@H]2C[C@H](O)[C@@H](COP(=O)(O)O)O2)c(=O)n1,C9H14N3O7P,307.19899999999996,-1.4167999999999998,157.13,4.0,7.0,4.0,2.0,1.0,1.0,20.0,11.0,0.5555555555555556,65.43930000000002,0.0,20.0,9.0,3.0,7.0,1.0,0.0,4.640310972380854,0.1525697856466,0.12645272067351102,29,18,4.264064063051721e-05
PUBCHEM_14013,ammonium bicarbonate,1,Simple organic chemistry,14013,ATRRKUHOCOJYRX-UHFFFAOYSA-N,,C(=O)(O)[O-].[NH4+],O=C([O-])O.[NH4+],CH5NO3,79.055,-0.7361000000000004,96.86,2.0,2.0,0.0,0.0,0.0,0.0,5.0,4.0,0.0,14.009599999999999,0.0,5.0,1.0,1.0,3.0,0.0,0.0,-1.7696084712035454,-1.3197630887335199,-0.020619347031553496,31,12,0.005498134264320942
PUBCHEM_145742,proline,2,Prebiotic building blocks,145742,ONIBWKKTOPOVIA-BYPYZUCNSA-N,,C1C[C@H](NC1)C(=O)O,O=C(O)[C@@H]1CCCN1,C5H9NO2,115.13199999999999,-0.17700000000000032,49.33,2.0,2.0,1.0,1.0,0.0,1.0,8.0,3.0,0.8,28.660499999999992,0.0,8.0,5.0,1.0,2.0,0.0,0.0,-0.5221851046194048,0.3686929258378262,-0.26864605322285007,1,1,0.0
PUBCHEM_15993,deoxyadenosine triphosphate,5,DNA/deoxyribonucleotide systems,15993,SUYVUBYJARFZHO-RRKCRQDMSA-N,,C1[C@@H]([C@H](O[C@H]1N2C=NC3=C(N=CN=C32)N)COP(=O)(O)OP(=O)(O)OP(=O)(O)O)O,Nc1ncnc2c1ncn2[C@H]1C[C@H](O)[C@@H](COP(=O)(O)OP(=O)(O)OP(=O)(O)O)O1,C10H16N5O12P3,491.1830000000001,-0.5998000000000001,258.9,6.0,12.0,8.0,3.0,2.0,1.0,30.0,20.0,0.5,94.08590000000001,0.0,30.0,10.0,5.0,12.0,3.0,0.0,9.712470903553486,0.2218767925559401,0.1607917172428595,28,17,3.0481302653565663e-05
PUBCHEM_161500,aminoimidazole ribonucleotide,3,Pre-nucleic/functional systems,161500,PDACUKOKVHBVHJ-XVFCMESISA-N,,C1=C(N(C=N1)[C@H]2[C@@H]([C@@H]([C@H](O2)COP(=O)(O)O)O)O)N,Nc1cncn1[C@@H]1O[C@H](COP(=O)(O)O)[C@@H](O)[C@H]1O,C8H14N3O7P,295.188,-1.8062,160.29000000000002,5.0,7.0,4.0,2.0,1.0,1.0,19.0,11.0,0.625,60.55910000000003,0.0,19.0,8.0,3.0,7.0,1.0,0.0,4.594024351669801,0.0015424609439988505,0.025550669927901573,28,26,2.7640378125923388e-05
PUBCHEM_171548,biotin,2,Prebiotic building blocks,171548,YBJHBAHKTGYVGT-ZKWXMUAHSA-N,,C1[C@H]2[C@@H]([C@@H](S1)CCCCC(=O)O)NC(=O)N2,O=C(O)CCCC[C@@H]1SC[C@@H]2NC(=O)N[C@@H]21,C10H16N2O3S,244.316,0.7968,78.43,3.0,3.0,5.0,2.0,0.0,2.0,16.0,6.0,0.8,61.593200000000024,0.0,16.0,10.0,2.0,3.0,0.0,1.0,2.4616780663876625,1.3849439234606893,0.22280207611268757,11,3,0.0
PUBCHEM_174,ethylene glycol,1,Simple organic chemistry,174,LYCAIKOWRPUZTN-UHFFFAOYSA-N,,C(CO)O,OCCO,C2H6O2,62.068000000000005,-1.029,40.46,2.0,2.0,1.0,0.0,0.0,0.0,4.0,2.0,1.0,14.171600000000002,0.0,4.0,2.0,0.0,2.0,0.0,0.0,-2.166494316412373,0.2823386302716122,-1.0115991826069495,5,1,0.0
PUBCHEM_176,acetic acid,1,Simple organic chemistry,176,QTBSBXVTEAMEQO-UHFFFAOYSA-N,,CC(=O)O,CC(=O)O,C2H4O2,60.05200000000001,0.09089999999999993,37.3,1.0,1.0,0.0,0.0,0.0,0.0,4.0,2.0,0.5,13.309800000000001,0.0,4.0,2.0,0.0,2.0,0.0,0.0,-2.564243638711634,-0.19171663028619304,-0.39818355394238186,48,25,0.015660421680130637
PUBCHEM_177,acetaldehyde,1,Simple organic chemistry,177,IKHGUXGNUITLKF-UHFFFAOYSA-N,,CC=O,CC=O,C2H4O,44.053,0.2052,17.07,0.0,1.0,0.0,0.0,0.0,0.0,3.0,1.0,0.5,11.738000000000001,0.0,3.0,2.0,0.0,1.0,0.0,0.0,-3.0219300509676246,-0.08371792964542324,-0.24365708668938413,10,0,0.0001628049027228065
PUBCHEM_178,acetamide,1,Simple organic chemistry,178,DLFVBJFMPXGRIB-UHFFFAOYSA-N,,CC(=O)N,CC(N)=O,C2H5NO,59.068,-0.5084,43.09,1.0,1.0,0.0,0.0,0.0,0.0,4.0,2.0,0.5,14.868400000000001,0.0,4.0,2.0,1.0,1.0,0.0,0.0,-2.449088577267682,-0.27081332952564796,-0.10740401094679908,47,23,0.09981772784561085
PUBCHEM_179,acetoin,1,Simple organic chemistry,179,ROWKJAVDOGWPAT-UHFFFAOYSA-N,,CC(C(=O)C)O,CC(=O)C(C)O,C4H8O2,88.106,-0.043800000000000006,37.3,1.0,2.0,1.0,0.0,0.0,0.0,6.0,2.0,0.75,22.361799999999995,0.0,6.0,4.0,0.0,2.0,0.0,0.0,-1.96393042001024,0.5081943667313655,-0.6894011637463794,23,8,0.0007033014221205801
PUBCHEM_180,acetone,1,Simple organic chemistry,180,CSCPPACGZOOCGX-UHFFFAOYSA-N,,CC(=O)C,CC(C)=O,C3H6O,58.08,0.5952999999999999,17.07,0.0,1.0,0.0,0.0,0.0,0.0,4.0,1.0,0.6666666666666666,16.355,0.0,4.0,3.0,0.0,1.0,0.0,0.0,-2.8121248962383487,0.35610463665177783,-0.35343866745952673,40,15,0.010671619736638988
PUBCHEM_190,adenine,2,Prebiotic building blocks,190,GFFGJBXGBJISGV-UHFFFAOYSA-N,,C1=NC2=NC=NC(=C2N1)N,Nc1ncnc2nc[nH]c12,C5H5N5,135.12999999999997,-0.06490000000000001,80.48,2.0,4.0,0.0,2.0,2.0,0.0,10.0,5.0,0.0,36.0961,0.0,10.0,5.0,5.0,0.0,0.0,0.0,0.7507738097153686,-0.482903876275905,3.4224317203201933,4,0,0.0
PUBCHEM_241,benzene,1,Simple organic chemistry,241,UHOVQNZJYSORNB-UHFFFAOYSA-N,,C1=CC=CC=C1,c1ccccc1,C6H6,78.11399999999999,1.6866,0.0,0.0,0.0,0.0,1.0,1.0,0.0,6.0,0.0,0.0,26.441999999999993,0.0,6.0,6.0,0.0,0.0,0.0,0.0,-2.162576130813343,0.37544445457413017,1.5607605576629544,2,0,0.0
PUBCHEM_261,butyraldehyde,1,Simple organic chemistry,261,ZTQSAGDEMFDKMZ-UHFFFAOYSA-N,,CCCC=O,CCCC=O,C4H8O,72.107,0.9854,17.07,0.0,1.0,2.0,0.0,0.0,0.0,5.0,1.0,0.75,20.971999999999994,0.0,5.0,4.0,0.0,1.0,0.0,0.0,-2.4942799398463475,0.98581622898717,-0.531322153711404,22,9,0.0064474289711482224
PUBCHEM_264,butyric acid,1,Simple organic chemistry,264,FERIUCNNQQJTOY-UHFFFAOYSA-N,,CCCC(=O)O,CCCC(=O)O,C4H8O2,88.10599999999998,0.8711,37.3,1.0,1.0,2.0,0.0,0.0,0.0,6.0,2.0,0.75,22.543799999999994,0.0,6.0,4.0,0.0,2.0,0.0,0.0,-2.0365935275903553,0.8778175283464004,-0.6858486209644019,54,29,0.012898575433732634
PUBCHEM_2723790,thiourea,2,Prebiotic building blocks,2723790,UMGDCJDMYOKAJW-UHFFFAOYSA-N,,C(=S)(N)N,NC(N)=S,CH4N2S,76.12400000000001,-0.8113000000000001,52.04,2.0,1.0,0.0,0.0,0.0,0.0,4.0,3.0,0.0,20.972800000000007,0.0,4.0,1.0,2.0,0.0,0.0,1.0,-2.3169858266071843,-1.1089447904742362,0.9903592926475043,7,7,2.3037790987459247e-05
PUBCHEM_2723872,fructose,2,Prebiotic building blocks,2723872,LKDRXBCSQODPBY-VRPWFDPXSA-N,,C1[C@H]([C@H]([C@@H](C(O1)(CO)O)O)O)O,OCC1(O)OC[C@@H](O)[C@@H](O)[C@@H]1O,C6H12O6,180.156,-3.219799999999999,110.38000000000001,5.0,6.0,1.0,1.0,0.0,1.0,12.0,6.0,1.0,36.00799999999999,0.0,12.0,6.0,0.0,6.0,0.0,0.0,1.500284945520861,-0.32687674117801235,-1.4805718491027067,2,0,0.0
PUBCHEM_2723923,ammonium formate,1,Simple organic chemistry,2723923,VZTDIZULWFCMLS-UHFFFAOYSA-N,,C(=O)[O-].[NH4+],O=C[O-].[NH4+],CH5NO2,63.056,-1.2577000000000007,76.63,1.0,2.0,0.0,0.0,0.0,0.0,4.0,3.0,0.0,12.0488,0.0,4.0,1.0,1.0,2.0,0.0,0.0,-2.203851731573836,-1.349440379837327,0.086729312388068,11,1,0.0009288446859580378
PUBCHEM_2723949,thioacetamide,3,Pre-nucleic/functional systems,2723949,YUKQRDCYNOVPGJ-UHFFFAOYSA-N,,CC(=S)N,CC(N)=S,C2H5NS,75.13600000000001,0.2924000000000001,26.02,1.0,1.0,0.0,0.0,0.0,0.0,4.0,2.0,0.5,22.4594,0.0,4.0,2.0,1.0,0.0,0.0,1.0,-2.6512435782927053,-0.09933414725681275,0.44083354947016823,13,11,0.0015099695184062562
PUBCHEM_273,cadaverine,3,Pre-nucleic/functional systems,273,VHRGRCVQAFMJIZ-UHFFFAOYSA-N,,C(CCN)CCN,NCCCCCN,C5H14N2,102.18100000000001,0.07410000000000017,52.04,2.0,2.0,4.0,0.0,0.0,0.0,7.0,2.0,1.0,31.959799999999994,0.0,7.0,5.0,2.0,0.0,0.0,0.0,-1.2173701023944263,1.543843876237336,-0.436142408188743,10,4,0.0003896798451491542
PUBCHEM_279,ureidosuccinic acid,3,Pre-nucleic/functional systems,279,HLKXYZVTANABHZ-UHFFFAOYSA-N,,C(C(C(=O)O)NC(=O)N)C(=O)O,NC(=O)NC(CC(=O)O)C(=O)O,C5H8N2O5,176.12799999999996,-1.4173999999999998,129.72,4.0,3.0,4.0,0.0,0.0,0.0,12.0,7.0,0.4,36.39569999999999,0.0,12.0,5.0,2.0,5.0,0.0,0.0,0.626801220686479,0.04381253617394859,-0.7245278337579011,34,27,0.001725884965989543
PUBCHEM_284,formic acid,1,Simple organic chemistry,284,BDAGIHXWWSANSR-UHFFFAOYSA-N,,C(=O)O,O=CO,CH2O2,46.025000000000006,-0.29919999999999997,37.3,1.0,1.0,0.0,0.0,0.0,0.0,3.0,2.0,0.0,8.6928,0.0,3.0,1.0,0.0,2.0,0.0,0.0,-2.8028273607260563,-1.014231873623392,0.015089113492368968,18,4,0.007091586661639461
PUBCHEM_289,catechol,1,Simple organic chemistry,289,YCIMNLLNPGFGHC-UHFFFAOYSA-N,,C1=CC=C(C(=C1)O)O,Oc1ccccc1O,C6H6O2,110.11199999999997,1.0977999999999994,40.46,2.0,2.0,0.0,1.0,1.0,0.0,8.0,2.0,0.0,29.771599999999992,0.0,8.0,6.0,0.0,2.0,0.0,0.0,-1.0447101699995933,0.021286937277346773,1.2095804329408528,4,2,0.001109529833438752
PUBCHEM_2969,capric acid,2,Prebiotic building blocks,2969,GHVNFZFCNZKVNT-UHFFFAOYSA-N,,CCCCCCCCCC(=O)O,CCCCCCCCCC(=O)O,C10H20O2,172.268,3.2117000000000013,37.3,1.0,1.0,8.0,0.0,0.0,0.0,12.0,2.0,0.9,50.245800000000024,0.0,12.0,10.0,0.0,2.0,0.0,0.0,-0.5054446153397868,3.397573185572185,-1.0025598660341661,37,22,0.001520180025389248
PUBCHEM_3283,diethyl ether,1,Simple organic chemistry,3283,RTZKZFJDLAIYFH-UHFFFAOYSA-N,,CCOCC,CCOCC,C4H10O,74.123,1.0428000000000002,9.23,0.0,1.0,2.0,0.0,0.0,0.0,5.0,1.0,1.0,22.166999999999994,0.0,5.0,4.0,0.0,1.0,0.0,0.0,-2.4843379606635914,1.3167729940725832,-0.7400746179013268,9,0,0.004664867226434837
PUBCHEM_32838,guanidinium,3,Pre-nucleic/functional systems,32838,ZRALSGWEFCBTJO-UHFFFAOYSA-O,,C(=[NH2+])(N)N,NC(N)=[NH2+],CH6N3+,60.07999999999999,-2.9811000000000005,77.63,3.0,0.0,0.0,0.0,0.0,0.0,4.0,3.0,0.0,15.3072,1.0,4.0,1.0,3.0,0.0,0.0,0.0,-1.8814116277770259,-1.4011553156326344,3.9934978918208857,7,5,2.3037790987459247e-05
PUBCHEM_33032,glutamic acid,2,Prebiotic building blocks,33032,WHUUTDBJXJRKMK-VKHMYHEASA-N,,C(CC(=O)O)[C@@H](C(=O)O)N,N[C@@H](CCC(=O)O)C(=O)O,C5H9NO4,147.13,-0.736899999999999,100.61999999999999,3.0,3.0,4.0,0.0,0.0,0.0,10.0,5.0,0.6,32.480999999999995,0.0,10.0,5.0,1.0,4.0,0.0,0.0,-0.17659459467671837,0.5227658297257091,-0.9222854813800402,46,20,0.006216504171519743
PUBCHEM_3520,guanidine,3,Pre-nucleic/functional systems,3520,ZRALSGWEFCBTJO-UHFFFAOYSA-N,,C(=N)(N)N,N=C(N)N,CH5N3,59.071999999999996,-1.1614300000000002,75.89,3.0,1.0,0.0,0.0,0.0,0.0,4.0,3.0,0.0,16.1015,0.0,4.0,1.0,3.0,0.0,0.0,0.0,-1.8987948013047007,-1.1026887912655396,0.8205344190886036,7,5,2.3037790987459247e-05
PUBCHEM_379,octanoic acid,2,Prebiotic building blocks,379,WWZKQHOCKIZLMA-UHFFFAOYSA-N,,CCCCCCCC(=O)O,CCCCCCCC(=O)O,C8H16O2,144.214,2.4314999999999998,37.3,1.0,1.0,6.0,0.0,0.0,0.0,10.0,2.0,0.875,41.0118,0.0,10.0,8.0,0.0,2.0,0.0,0.0,-1.0136691935435906,2.58635658394159,-0.919751282510757,37,22,0.001520180025389248
PUBCHEM_3893,lauric acid,2,Prebiotic building blocks,3893,POULHZVOKOAJMA-UHFFFAOYSA-N,,CCCCCCCCCCCC(=O)O,CCCCCCCCCCCC(=O)O,C12H24O2,200.32199999999997,3.991900000000002,37.3,1.0,1.0,10.0,0.0,0.0,0.0,14.0,2.0,0.9166666666666666,59.47980000000005,0.0,14.0,12.0,0.0,2.0,0.0,0.0,0.0020604986818887295,4.199222470276781,-1.0777811723909603,37,22,0.001520180025389248
PUBCHEM_428913,N-(2-aminoethyl)glycine,3,Pre-nucleic/functional systems,428913,PIINGYXNCHTJTF-UHFFFAOYSA-N,,C(CNCC(=O)O)N,NCCNCC(=O)O,C4H10N2O2,118.136,-1.3806999999999992,75.35,3.0,3.0,4.0,0.0,0.0,0.0,8.0,4.0,0.75,29.559899999999995,0.0,8.0,4.0,2.0,2.0,0.0,0.0,-0.5951058517496153,0.5970586256128525,-0.6062149842441193,41,30,0.005378165812135473
PUBCHEM_439665,threose,3,Pre-nucleic/functional systems,439665,YTBSYETUWUMLBZ-QWWZWVQMSA-N,,C([C@H]([C@@H](C=O)O)O)O,O=C[C@@H](O)[C@H](O)CO,C4H8O4,120.10399999999997,-2.1005999999999996,77.76,3.0,4.0,3.0,0.0,0.0,0.0,8.0,4.0,0.75,25.163399999999992,0.0,8.0,4.0,0.0,4.0,0.0,0.0,-0.6725872279947425,0.124581227464808,-1.2933851382734631,8,8,0.0022032960952018733
PUBCHEM_445639,oleic acid,2,Prebiotic building blocks,445639,ZQPPMHVWECSIRJ-KTKRTIGZSA-N,,CCCCCCCC/C=C\CCCCCCCC(=O)O,CCCCCCCC/C=C\CCCCCCCC(=O)O,C18H34O2,282.4679999999999,6.1085000000000065,37.3,1.0,1.0,15.0,0.0,0.0,0.0,20.0,2.0,0.8333333333333334,87.08780000000007,0.0,20.0,18.0,0.0,2.0,0.0,0.0,1.4594265184030848,6.259914097416981,-1.1256116507762306,24,13,0.0003613534348324104
PUBCHEM_493570,riboflavin,2,Prebiotic building blocks,493570,AUNGANRZJHBGPY-SCRDCRAPSA-N,,CC1=CC2=C(C=C1C)N(C3=NC(=O)NC(=O)C3=N2)C[C@@H]([C@@H]([C@@H](CO)O)O)O,Cc1cc2nc3c(=O)[nH]c(=O)nc-3n(C[C@H](O)[C@H](O)[C@H](O)CO)c2cc1C,C17H20N4O6,376.369,-1.7235599999999995,161.56,5.0,8.0,5.0,3.0,1.0,2.0,27.0,10.0,0.4117647058823529,95.62090000000002,0.0,27.0,17.0,4.0,6.0,0.0,0.0,6.820652449502926,1.1221226725388633,1.1000494540859755,0,0,0.0
PUBCHEM_517165,ammonium acetate,1,Simple organic chemistry,517165,USFZMSVCRYTOJT-UHFFFAOYSA-N,,CC(=O)[O-].[NH4+],CC(=O)[O-].[NH4+],C2H7NO2,77.083,-0.8676000000000001,76.63,1.0,2.0,0.0,0.0,0.0,0.0,5.0,3.0,0.5,16.6658,0.0,5.0,2.0,1.0,2.0,0.0,0.0,-1.9652680095594135,-0.5269251365001285,-0.3265433550466829,27,6,0.005955137037053163
PUBCHEM_527,propionaldehyde,1,Simple organic chemistry,527,NBBJYMSMWIIQGU-UHFFFAOYSA-N,,CCC=O,CCC=O,C3H6O,58.08,0.5952999999999999,17.07,0.0,1.0,1.0,0.0,0.0,0.0,4.0,1.0,0.6666666666666666,16.355,0.0,4.0,3.0,0.0,1.0,0.0,0.0,-2.7545076744963426,0.49888573430087296,-0.4254260060334699,21,2,0.007708327118287915
PUBCHEM_5281,stearic acid,2,Prebiotic building blocks,5281,QIQXTHQIDYTFRH-UHFFFAOYSA-N,,CCCCCCCCCCCCCCCCCC(=O)O,CCCCCCCCCCCCCCCCCC(=O)O,C18H36O2,284.4839999999999,6.332500000000007,37.3,1.0,1.0,16.0,0.0,0.0,0.0,20.0,2.0,0.9444444444444444,87.18180000000008,0.0,20.0,18.0,0.0,2.0,0.0,0.0,1.5226572695945713,6.57865747925457,-1.2832123523503676,37,22,0.001520180025389248
PUBCHEM_5460005,2-deoxyribose,2,Prebiotic building blocks,5460005,ASJSAQIRZKANQN-CRCLSJGQSA-N,,C(C=O)[C@@H]([C@@H](CO)O)O,O=CC[C@H](O)[C@H](O)CO,C5H10O4,134.131,-1.7105,77.76,3.0,4.0,4.0,0.0,0.0,0.0,9.0,4.0,0.8,29.780399999999986,0.0,9.0,5.0,0.0,4.0,0.0,0.0,-0.4152373500732617,0.5732424544471051,-1.3689321772849359,9,5,0.0033848381755494923
PUBCHEM_5789,thymidine,5,DNA/deoxyribonucleotide systems,5789,IQFYYKKMVGJFEH-XLPZGREQSA-N,,CC1=CN(C(=O)NC1=O)[C@H]2C[C@@H]([C@H](O2)CO)O,Cc1cn([C@H]2C[C@H](O)[C@@H](CO)O2)c(=O)[nH]c1=O,C10H14N2O5,242.231,-1.5142799999999992,104.55000000000001,3.0,5.0,2.0,2.0,1.0,1.0,17.0,7.0,0.6,57.679300000000026,0.0,17.0,10.0,2.0,5.0,0.0,0.0,2.8394651819183805,0.3739774390080951,0.5907404537278789,25,14,0.05064384790636255
PUBCHEM_5793,glucose,2,Prebiotic building blocks,5793,WQZGKKKJIJFFOK-GASJEMHNSA-N,,C([C@@H]1[C@H]([C@@H]([C@H](C(O1)O)O)O)O)O,OC[C@H]1OC(O)[C@H](O)[C@@H](O)[C@@H]1O,C6H12O6,180.156,-3.2213999999999987,110.38000000000001,5.0,6.0,1.0,1.0,0.0,1.0,12.0,6.0,1.0,35.98599999999999,0.0,12.0,6.0,0.0,6.0,0.0,0.0,1.5001096801455958,-0.3273829358266823,-1.4806952489413474,10,3,0.017710309930423784
PUBCHEM_5862,cysteine,2,Prebiotic building blocks,5862,XUJNEKJLAYXESH-REOHCLBHSA-N,,C([C@@H](C(=O)O)N)S,N[C@@H](CS)C(=O)O,C3H7NO2S,121.16099999999999,-0.6719,63.31999999999999,3.0,3.0,2.0,0.0,0.0,0.0,7.0,4.0,0.6666666666666666,29.464199999999998,0.0,7.0,3.0,1.0,2.0,0.0,1.0,-1.196356335881503,0.1115924653963346,-0.21479893416942591,42,24,0.005925632304274172
PUBCHEM_5950,alanine,2,Prebiotic building blocks,5950,QNAYBMKLOCPYGJ-REOHCLBHSA-N,,C[C@@H](C(=O)O)N,C[C@H](N)C(=O)O,C3H7NO2,89.09400000000001,-0.5817999999999999,63.31999999999999,2.0,2.0,1.0,0.0,0.0,0.0,6.0,3.0,0.6666666666666666,21.285200000000003,0.0,6.0,3.0,1.0,2.0,0.0,0.0,-1.6138420528963295,0.09991290389680925,-0.4772553706686107,53,29,0.01188106469852254
PUBCHEM_5951,serine,2,Prebiotic building blocks,5951,MTCFGRXMJLQNBG-REOHCLBHSA-N,,C([C@@H](C(=O)O)N)O,N[C@@H](CO)C(=O)O,C3H7NO3,105.09299999999999,-1.6093999999999995,83.55,3.0,3.0,2.0,0.0,0.0,0.0,7.0,4.0,0.6666666666666666,22.697000000000003,0.0,7.0,3.0,1.0,3.0,0.0,0.0,-0.9680828242009477,-0.0916405684121342,-0.779185658012832,47,27,0.027710545810009313
PUBCHEM_5957,adenosine triphosphate,4,RNA/ribonucleotide systems,5957,ZKHQWZAMYRWXGA-KQYNXXCUSA-N,,C1=NC(=C2C(=N1)N(C=N2)[C@H]3[C@@H]([C@@H]([C@H](O3)COP(=O)(O)OP(=O)(O)OP(=O)(O)O)O)O)N,Nc1ncnc2c1ncn2[C@@H]1O[C@H](COP(=O)(O)OP(=O)(O)OP(=O)(O)O)[C@@H](O)[C@H]1O,C10H16N5O13P3,507.18200000000013,-1.6290000000000004,279.12999999999994,7.0,13.0,8.0,3.0,2.0,1.0,31.0,21.0,0.5,95.47570000000002,0.0,31.0,10.0,5.0,13.0,3.0,0.0,10.300437645131597,-0.11296397205076972,-0.06927463136605941,28,19,2.7640378125923388e-05
PUBCHEM_5960,aspartic acid,2,Prebiotic building blocks,5960,CKLJMWTZIZZHCS-REOHCLBHSA-N,,C([C@@H](C(=O)O)N)C(=O)O,N[C@@H](CC(=O)O)C(=O)O,C4H7NO4,133.103,-1.1269999999999998,100.61999999999999,3.0,3.0,3.0,0.0,0.0,0.0,9.0,5.0,0.5,27.863999999999997,0.0,9.0,4.0,1.0,4.0,0.0,0.0,-0.43826125769097096,0.016700701187412046,-0.8012147793688764,47,23,0.005446370387808093
PUBCHEM_5962,lysine,2,Prebiotic building blocks,5962,KDXKERNSBIXSRK-YFKPBYRVSA-N,,C(CCN)C[C@@H](C(=O)O)N,NCCCC[C@H](N)C(=O)O,C6H14N2O2,146.19,-0.47269999999999873,89.34,3.0,3.0,5.0,0.0,0.0,0.0,10.0,4.0,0.8333333333333334,38.5166,0.0,10.0,6.0,2.0,2.0,0.0,0.0,-0.09958179430633785,1.3173443812301735,-0.6882378781537054,38,20,0.008697487188576316
PUBCHEM_597,cytosine,2,Prebiotic building blocks,597,OPTASPLRGRRNAP-UHFFFAOYSA-N,,C1=C(NC(=O)N=C1)N,Nc1ccnc(=O)[nH]1,C4H5N3O,111.104,-0.6478999999999999,71.77,2.0,3.0,0.0,1.0,1.0,0.0,8.0,4.0,0.0,29.270100000000003,0.0,8.0,4.0,3.0,1.0,0.0,0.0,-0.4713171205299909,-0.7096734511720522,1.7889529743870596,7,1,0.14709007934522147
PUBCHEM_6022,adenosine diphosphate,4,RNA/ribonucleotide systems,6022,XTWYTFMLZFPYCI-KQYNXXCUSA-N,,C1=NC(=C2C(=N1)N(C=N2)[C@H]3[C@@H]([C@@H]([C@H](O3)COP(=O)(O)OP(=O)(O)O)O)O)N,Nc1ncnc2c1ncn2[C@@H]1O[C@H](COP(=O)(O)OP(=O)(O)O)[C@@H](O)[C@H]1O,C10H15N5O10P2,427.2030000000001,-1.7460000000000004,232.59999999999997,6.0,11.0,6.0,3.0,2.0,1.0,27.0,17.0,0.5,84.5654,0.0,27.0,10.0,5.0,10.0,2.0,0.0,8.37300493072753,-0.06612374447736576,0.7555861672045513,28,19,2.7640378125923388e-05
PUBCHEM_6029,uridine,2,Prebiotic building blocks,6029,DRTQHJPVMGBUCF-XVFCMESISA-N,,C1=CN(C(=O)NC1=O)[C@H]2[C@@H]([C@@H]([C@H](O2)CO)O)O,O=c1ccn([C@@H]2O[C@H](CO)[C@@H](O)[C@H]2O)c(=O)[nH]1,C9H12N2O6,244.203,-2.8518999999999983,124.78000000000002,4.0,6.0,2.0,2.0,1.0,1.0,17.0,8.0,0.5555555555555556,54.332100000000025,0.0,17.0,9.0,2.0,6.0,0.0,0.0,3.223273660053742,-0.24397299433260625,0.3651975495412772,28,22,0.008971570314363254
PUBCHEM_6030,uridine monophosphate,3,Pre-nucleic/functional systems,6030,DJJCXFVJDGTHFX-XVFCMESISA-N,,C1=CN(C(=O)NC1=O)[C@H]2[C@@H]([C@@H]([C@H](O2)COP(=O)(O)O)O)O,O=c1ccn([C@@H]2O[C@H](COP(=O)(O)O)[C@@H](O)[C@H]2O)c(=O)[nH]1,C9H13N2O9P,324.182,-2.734899999999999,171.31,5.0,7.0,4.0,2.0,1.0,1.0,21.0,12.0,0.5555555555555556,65.24240000000003,0.0,21.0,9.0,2.0,9.0,1.0,0.0,5.05836345722254,-0.2591814985274789,-0.4519160060174453,28,26,3.600590913810071e-05
PUBCHEM_6031,uridine diphosphate,4,RNA/ribonucleotide systems,6031,XCCTYIAWTASOJW-XVFCMESISA-N,,C1=CN(C(=O)NC1=O)[C@H]2[C@@H]([C@@H]([C@H](O2)COP(=O)(O)OP(=O)(O)O)O)O,O=c1ccn([C@@H]2O[C@H](COP(=O)(O)OP(=O)(O)O)[C@@H](O)[C@H]2O)c(=O)[nH]1,C9H14N2O12P2,404.16100000000006,-2.6178999999999997,217.83999999999997,6.0,9.0,6.0,2.0,1.0,1.0,25.0,16.0,0.5555555555555556,76.1527,0.0,25.0,9.0,2.0,12.0,2.0,0.0,6.985796171626605,-0.3060217261008834,-1.2767768045880556,28,19,3.600590913810071e-05
PUBCHEM_6057,tyrosine,2,Prebiotic building blocks,6057,OUYCCCASQSFEME-QMMMGPOBSA-N,,C1=CC(=CC=C1C[C@@H](C(=O)O)N)O,N[C@@H](Cc1ccc(O)cc1)C(=O)O,C9H11NO3,181.19099999999997,0.3465999999999994,83.55,3.0,3.0,3.0,1.0,1.0,0.0,13.0,4.0,0.2222222222222222,47.42200000000001,0.0,13.0,9.0,1.0,3.0,0.0,0.0,0.7480596327242939,0.8653400643333103,0.8056790443092724,24,7,0.004074840409662964
PUBCHEM_6058,cysteamine,3,Pre-nucleic/functional systems,6058,UFULAYFCSOUIOV-UHFFFAOYSA-N,,C(CS)N,NCCS,C2H7NS,77.152,-0.12509999999999988,26.02,2.0,2.0,1.0,0.0,0.0,0.0,4.0,2.0,1.0,22.9074,0.0,4.0,2.0,1.0,0.0,0.0,1.0,-2.2997553603270187,0.5294382989234969,-0.11444900753676716,8,3,0.000366896871748246
PUBCHEM_6083,adenosine monophosphate,3,Pre-nucleic/functional systems,6083,UDMBCSSLTHHNCD-KQYNXXCUSA-N,,C1=NC(=C2C(=N1)N(C=N2)[C@H]3[C@@H]([C@@H]([C@H](O3)COP(=O)(O)O)O)O)N,Nc1ncnc2c1ncn2[C@@H]1O[C@H](COP(=O)(O)O)[C@@H](O)[C@H]1O,C10H14N5O7P,347.22400000000005,-1.863,186.07,5.0,9.0,4.0,3.0,2.0,1.0,23.0,13.0,0.5,73.65509999999999,0.0,23.0,10.0,5.0,7.0,1.0,0.0,6.44557221632347,-0.01928351690396149,1.5804469657751614,28,26,2.7640378125923388e-05
PUBCHEM_60961,adenosine,2,Prebiotic building blocks,60961,OIRDTQYFTABQOQ-KQYNXXCUSA-N,,C1=NC(=C2C(=N1)N(C=N2)[C@H]3[C@@H]([C@@H]([C@H](O3)CO)O)O)N,Nc1ncnc2c1ncn2[C@@H]1O[C@H](CO)[C@@H](O)[C@H]1O,C10H13N5O4,267.245,-1.979999999999999,139.54000000000002,4.0,8.0,2.0,3.0,2.0,1.0,19.0,9.0,0.5,62.74480000000002,0.0,19.0,10.0,5.0,4.0,0.0,0.0,4.610482419154669,-0.00407501270908842,2.3975605213338826,28,23,0.0005020168115816406
PUBCHEM_6106,leucine,2,Prebiotic building blocks,6106,ROHFNLRQFUQHCH-YFKPBYRVSA-N,,CC(C)C[C@@H](C(=O)O)N,CC(C)C[C@H](N)C(=O)O,C6H13NO2,131.17499999999995,0.44439999999999996,63.31999999999999,2.0,2.0,3.0,0.0,0.0,0.0,9.0,3.0,0.8333333333333334,35.06619999999998,0.0,9.0,6.0,1.0,2.0,0.0,0.0,-0.892456046790676,1.2911896104059588,-0.6577705164041323,48,24,0.005529874509020866
PUBCHEM_612,lactic acid,1,Simple organic chemistry,612,JVTAAEKCZFNVCJ-UHFFFAOYSA-N,,CC(C(=O)O)O,CC(O)C(=O)O,C3H6O3,90.07799999999999,-0.5482,57.53,2.0,2.0,1.0,0.0,0.0,0.0,6.0,3.0,0.6666666666666666,19.3166,0.0,6.0,3.0,0.0,3.0,0.0,0.0,-1.7088545206622399,0.05604626905339381,-0.8100188218953863,48,28,0.010279041346575198
PUBCHEM_6131,cytidine monophosphate,4,RNA/ribonucleotide systems,6131,IERHLVCPSMICTF-XVFCMESISA-N,,C1=CN(C(=O)N=C1N)[C@H]2[C@@H]([C@@H]([C@H](O2)COP(=O)(O)O)O)O,Nc1ccn([C@@H]2O[C@H](COP(=O)(O)O)[C@@H](O)[C@H]2O)c(=O)n1,C9H14N3O8P,323.198,-2.446,177.35999999999999,5.0,8.0,4.0,2.0,1.0,1.0,21.0,12.0,0.5555555555555556,66.82910000000001,0.0,21.0,9.0,3.0,8.0,1.0,0.0,5.228277713958965,-0.18227097896010946,-0.1036136279354077,29,20,4.264064063051721e-05
PUBCHEM_6132,cytidine diphosphate,4,RNA/ribonucleotide systems,6132,ZWIADYZPOWUWEW-XVFCMESISA-N,,C1=CN(C(=O)N=C1N)[C@H]2[C@@H]([C@@H]([C@H](O2)COP(=O)(O)OP(=O)(O)O)O)O,Nc1ccn([C@@H]2O[C@H](COP(=O)(O)OP(=O)(O)O)[C@@H](O)[C@H]2O)c(=O)n1,C9H15N3O11P2,403.177,-2.3289999999999997,223.88999999999996,6.0,10.0,6.0,2.0,1.0,1.0,25.0,16.0,0.5555555555555556,77.7394,0.0,25.0,9.0,3.0,11.0,2.0,0.0,7.155710428363033,-0.22911120653351352,-0.9284744265060177,28,19,2.7640378125923388e-05
PUBCHEM_6133,uridine triphosphate,4,RNA/ribonucleotide systems,6133,PGAVKCOVUIYSFO-XVFCMESISA-N,,C1=CN(C(=O)NC1=O)[C@H]2[C@@H]([C@@H]([C@H](O2)COP(=O)(O)OP(=O)(O)OP(=O)(O)O)O)O,O=c1ccn([C@@H]2O[C@H](COP(=O)(O)OP(=O)(O)OP(=O)(O)O)[C@@H](O)[C@H]2O)c(=O)[nH]1,C9H15N2O15P3,484.1400000000001,-2.5009,264.36999999999995,7.0,11.0,8.0,2.0,1.0,1.0,29.0,20.0,0.5555555555555556,87.06300000000002,0.0,29.0,9.0,2.0,15.0,3.0,0.0,8.913228886030671,-0.3528619536742874,-2.1016376031586654,28,19,3.600590913810071e-05
PUBCHEM_6137,methionine,2,Prebiotic building blocks,6137,FFEARJCKVFRZRR-BYPYZUCNSA-N,,CSCC[C@@H](C(=O)O)N,CSCC[C@H](N)C(=O)O,C5H11NO2S,149.215,0.15140000000000003,63.31999999999999,2.0,3.0,4.0,0.0,0.0,0.0,9.0,4.0,0.8,38.61019999999999,0.0,9.0,5.0,1.0,2.0,0.0,1.0,-0.8120142112323796,1.0272455446069664,-0.40463493908966,32,15,0.0013588521491644555
PUBCHEM_6140,phenylalanine,2,Prebiotic building blocks,6140,COLNVLDHVKWLRT-QMMMGPOBSA-N,,C1=CC=C(C=C1)C[C@@H](C(=O)O)N,N[C@@H](Cc1ccccc1)C(=O)O,C9H11NO2,165.19199999999998,0.641,63.31999999999999,2.0,2.0,3.0,1.0,1.0,0.0,12.0,3.0,0.2222222222222222,45.75720000000001,0.0,12.0,9.0,1.0,2.0,0.0,0.0,0.18912665231741957,1.0424188229817024,0.9812691066703224,29,11,0.14679196966457866
PUBCHEM_6175,cytidine,2,Prebiotic building blocks,6175,UHDGCWIWMRVCDJ-XVFCMESISA-N,,C1=CN(C(=O)N=C1N)[C@H]2[C@@H]([C@@H]([C@H](O2)CO)O)O,Nc1ccn([C@@H]2O[C@H](CO)[C@@H](O)[C@H]2O)c(=O)n1,C9H13N3O5,243.21900000000002,-2.562999999999999,130.83,4.0,7.0,2.0,2.0,1.0,1.0,17.0,8.0,0.5555555555555556,55.918800000000026,0.0,17.0,9.0,3.0,5.0,0.0,0.0,3.393187916790168,-0.16706247476523664,0.7134999276233146,28,23,0.0005020168115816406
PUBCHEM_6176,cytidine triphosphate,4,RNA/ribonucleotide systems,6176,PCDQPRRSZKQHHS-XVFCMESISA-N,,C1=CN(C(=O)N=C1N)[C@H]2[C@@H]([C@@H]([C@H](O2)COP(=O)(O)OP(=O)(O)OP(=O)(O)O)O)O,Nc1ccn([C@@H]2O[C@H](COP(=O)(O)OP(=O)(O)OP(=O)(O)O)[C@@H](O)[C@H]2O)c(=O)n1,C9H16N3O14P3,483.15600000000006,-2.212,270.41999999999996,7.0,12.0,8.0,2.0,1.0,1.0,29.0,20.0,0.5555555555555556,88.64970000000002,0.0,29.0,9.0,3.0,14.0,3.0,0.0,9.083143142767097,-0.27595143410691764,-1.753335225076628,28,19,2.7640378125923388e-05
PUBCHEM_6262,ornithine,2,Prebiotic building blocks,6262,AHLPHDHHMVZTML-BYPYZUCNSA-N,,C(C[C@@H](C(=O)O)N)CN,NCCC[C@H](N)C(=O)O,C5H12N2O2,132.16299999999998,-0.8627999999999987,89.33999999999999,3.0,3.0,4.0,0.0,0.0,0.0,9.0,4.0,0.8,33.89959999999999,0.0,9.0,5.0,2.0,2.0,0.0,0.0,-0.3554927438635616,0.8878177880998754,-0.627865393475463,45,21,0.011666336733694847
PUBCHEM_6274,histidine,2,Prebiotic building blocks,6274,HNDVDQJCIGZPNO-YFKPBYRVSA-N,,C1=C(NC=N1)C[C@@H](C(=O)O)N,N[C@@H](Cc1cnc[nH]1)C(=O)O,C6H9N3O2,155.15699999999998,-0.6358999999999995,92.0,3.0,3.0,3.0,1.0,1.0,0.0,11.0,5.0,0.3333333333333333,37.902899999999995,0.0,11.0,6.0,3.0,2.0,0.0,0.0,0.5831806176888502,0.3352664277648606,1.1499921131229511,18,0,0.0060996434254302935
PUBCHEM_6287,valine,2,Prebiotic building blocks,6287,KZSNJWFQEVHDMF-BYPYZUCNSA-N,,CC(C)[C@@H](C(=O)O)N,CC(C)[C@H](N)C(=O)O,C5H11NO2,117.148,0.05430000000000007,63.31999999999999,2.0,2.0,2.0,0.0,0.0,0.0,8.0,3.0,0.8,30.44919999999999,0.0,8.0,5.0,1.0,2.0,0.0,0.0,-1.1483669963478993,0.8616630172756617,-0.5973980317258898,41,24,0.005805189667146479
PUBCHEM_6288,threonine,2,Prebiotic building blocks,6288,AYFVYJQAPQTCCC-GBXIJSLDSA-N,,C[C@H]([C@@H](C(=O)O)N)O,C[C@@H](O)[C@H](N)C(=O)O,C4H9NO3,119.11999999999999,-1.2208999999999997,83.55,3.0,3.0,2.0,0.0,0.0,0.0,8.0,4.0,0.75,27.291999999999994,0.0,8.0,4.0,1.0,3.0,0.0,0.0,-0.7656475766682226,0.25200263397639705,-0.8132178669554634,34,17,0.002303658565782101
PUBCHEM_6305,tryptophan,2,Prebiotic building blocks,6305,QIVBCDIJIAJPQS-VIFPVBQESA-N,,C1=CC=C2C(=C1)C(=CN2)C[C@@H](C(=O)O)N,N[C@@H](Cc1c[nH]c2ccccc12)C(=O)O,C11H12N2O2,204.22899999999996,1.1222999999999996,79.11,3.0,2.0,3.0,2.0,2.0,0.0,15.0,4.0,0.18181818181818182,57.613900000000015,0.0,15.0,11.0,2.0,2.0,0.0,0.0,1.6403263881971817,1.3573636082530578,2.316379520105354,19,2,0.001963342324880979
PUBCHEM_6306,isoleucine,2,Prebiotic building blocks,6306,AGPKZVBTJJNPAG-WHFBIAKZSA-N,,CC[C@H](C)[C@@H](C(=O)O)N,CC[C@H](C)[C@H](N)C(=O)O,C6H13NO2,131.17499999999995,0.44439999999999996,63.31999999999999,2.0,2.0,3.0,0.0,0.0,0.0,9.0,3.0,0.8333333333333334,35.06619999999998,0.0,9.0,6.0,1.0,2.0,0.0,0.0,-0.892456046790676,1.2911896104059588,-0.6577705164041323,46,20,0.006135730331985681
PUBCHEM_6322,arginine,2,Prebiotic building blocks,6322,ODKSFYDXXFIFQN-BYPYZUCNSA-N,,C(C[C@@H](C(=O)O)N)CN=C(N)N,NC(N)=NCCC[C@H](N)C(=O)O,C6H14N4O2,174.20399999999998,-1.548099999999999,127.71999999999998,4.0,3.0,5.0,0.0,0.0,0.0,12.0,6.0,0.6666666666666666,45.522,0.0,12.0,6.0,4.0,2.0,0.0,0.0,0.8421034569392032,0.8425121187122493,-0.22142946385425777,27,10,0.0005401658264819336
PUBCHEM_6324,ethane,1,Simple organic chemistry,6324,OTMSDBZUPAUEDD-UHFFFAOYSA-N,,CC,CC,C2H6,30.07,1.0262,0.0,0.0,0.0,0.0,0.0,0.0,0.0,2.0,0.0,1.0,11.348000000000003,0.0,2.0,2.0,0.0,0.0,0.0,0.0,-3.400395552061131,0.8082266725385955,-0.4797259464924501,8,2,0.027926003545892697
PUBCHEM_6325,ethylene,1,Simple organic chemistry,6325,VGGSQFUCUMXWEO-UHFFFAOYSA-N,,C=C,C=C,C2H4,28.053999999999995,0.8022,0.0,0.0,0.0,0.0,0.0,0.0,0.0,2.0,0.0,0.0,11.254000000000001,0.0,2.0,2.0,0.0,0.0,0.0,0.0,-3.4827519276043364,-0.38824941708989136,0.4151969809466996,1,1,0.0
PUBCHEM_6326,acetylene,1,Simple organic chemistry,6326,HSFWRNGVRCDJHI-UHFFFAOYSA-N,,C#C,C#C,C2H2,26.037999999999997,0.24939999999999998,0.0,0.0,0.0,0.0,0.0,0.0,0.0,2.0,0.0,0.0,9.89,0.0,2.0,2.0,0.0,0.0,0.0,0.0,-3.4785619536726657,-0.5159591426521446,0.3750140573966431,1,1,0.0
PUBCHEM_6329,methylamine,1,Simple organic chemistry,6329,BAVYZALUXZFZLV-UHFFFAOYSA-N,,CN,CN,CH5N,31.058,-0.4251,26.02,1.0,1.0,0.0,0.0,0.0,0.0,2.0,1.0,1.0,10.111400000000001,0.0,2.0,1.0,1.0,0.0,0.0,0.0,-2.9126569484285487,0.26928250964676925,-0.41886940659811356,8,2,0.014812391039972452
PUBCHEM_6334,propane,1,Simple organic chemistry,6334,ATUOYWHBWRKTHZ-UHFFFAOYSA-N,,CCC,CCC,C3H8,44.096999999999994,1.4163,0.0,0.0,0.0,0.0,0.0,0.0,0.0,3.0,0.0,1.0,15.965000000000003,0.0,3.0,3.0,0.0,0.0,0.0,0.0,-3.2049796809744295,1.0567029003157973,-0.43776198393028815,11,0,0.010800509765173771
PUBCHEM_6341,ethylamine,1,Simple organic chemistry,6341,QUSNBJAOOMFDIB-UHFFFAOYSA-N,,CCN,CCN,C2H7N,45.084999999999994,-0.03499999999999981,26.02,1.0,1.0,0.0,0.0,0.0,0.0,3.0,1.0,1.0,14.728400000000002,0.0,3.0,2.0,1.0,0.0,0.0,0.0,-2.717241077341845,0.5177587374239718,-0.3769054440359521,13,3,0.0063689834247635
PUBCHEM_6342,acetonitrile,1,Simple organic chemistry,6342,WEVYAHXRMPXWCK-UHFFFAOYSA-N,,CC#N,CC#N,C2H3N,41.053,0.52988,23.79,0.0,1.0,0.0,0.0,0.0,0.0,3.0,1.0,0.5,11.287,0.0,3.0,2.0,1.0,0.0,0.0,0.0,-2.971061782552403,0.014767934429156037,0.11432917055238884,3,1,0.0
PUBCHEM_64968,thymidine triphosphate,5,DNA/deoxyribonucleotide systems,64968,NHVNXKFIZYSCEB-XLPZGREQSA-N,,CC1=CN(C(=O)NC1=O)[C@H]2C[C@@H]([C@H](O2)COP(=O)(O)OP(=O)(O)OP(=O)(O)O)O,Cc1cn([C@H]2C[C@H](O)[C@@H](COP(=O)(O)OP(=O)(O)OP(=O)(O)O)O2)c(=O)[nH]c1=O,C10H17N2O14P3,482.16800000000006,-1.1632800000000003,244.13999999999996,6.0,10.0,8.0,2.0,1.0,1.0,29.0,19.0,0.6,90.41020000000002,0.0,29.0,10.0,2.0,14.0,3.0,0.0,8.52942040789531,0.26508847966641413,-1.876094698972064,27,16,3.379433197396188e-05
PUBCHEM_65091,deoxycytidine triphosphate,5,DNA/deoxyribonucleotide systems,65091,RGWHQCVHVJXOKC-SHYZEUOFSA-N,,C1[C@@H]([C@H](O[C@H]1N2C=CC(=NC2=O)N)COP(=O)(O)OP(=O)(O)OP(=O)(O)O)O,Nc1ccn([C@H]2C[C@H](O)[C@@H](COP(=O)(O)OP(=O)(O)OP(=O)(O)O)O2)c(=O)n1,C9H16N3O13P3,467.15700000000004,-1.1828000000000003,250.18999999999994,6.0,11.0,8.0,2.0,1.0,1.0,28.0,19.0,0.5555555555555556,87.25990000000002,0.0,28.0,9.0,3.0,13.0,3.0,0.0,8.495176401188983,0.05888933049979161,-1.5232688764677094,29,18,4.264064063051721e-05
PUBCHEM_6561,isobutyraldehyde,1,Simple organic chemistry,6561,AMIMRNSIRUDHCM-UHFFFAOYSA-N,,CC(C)C=O,CC(C)C=O,C4H8O,72.107,0.8412999999999999,17.07,0.0,1.0,1.0,0.0,0.0,0.0,5.0,1.0,0.75,20.901999999999994,0.0,5.0,4.0,0.0,1.0,0.0,0.0,-2.546382495869394,0.8119746206974284,-0.4700216280792763,18,5,0.007820230712968425
PUBCHEM_6590,isobutyric acid,1,Simple organic chemistry,6590,KQNPFQTWMSNSAP-UHFFFAOYSA-N,,CC(C)C(=O)O,CC(C)C(=O)O,C4H8O2,88.10599999999998,0.727,37.3,1.0,1.0,1.0,0.0,0.0,0.0,6.0,2.0,0.75,22.473799999999994,0.0,6.0,4.0,0.0,2.0,0.0,0.0,-2.0886960836134016,0.7039759200566582,-0.624548095332274,49,28,0.010755440247906638
PUBCHEM_6613,pantothenic acid,2,Prebiotic building blocks,6613,GHOKWGTUZJEAQD-ZETCQYMHSA-N,,CC(C)(CO)[C@H](C(=O)NCCC(=O)O)O,CC(C)(CO)[C@@H](O)C(=O)NCCC(=O)O,C9H17NO5,219.23699999999997,-1.0432999999999986,106.86000000000001,4.0,4.0,6.0,0.0,0.0,0.0,15.0,6.0,0.7777777777777778,52.13610000000003,0.0,15.0,9.0,1.0,5.0,0.0,0.0,1.3093954516413868,1.5325920547366607,-1.324912582155186,23,12,0.0008024564184759894
PUBCHEM_670,dihydroxyacetone,2,Prebiotic building blocks,670,RXKJFZQQPQGTFL-UHFFFAOYSA-N,,C(C(=O)CO)O,O=C(CO)CO,C3H6O3,90.07799999999999,-1.4599000000000002,57.53,2.0,3.0,2.0,0.0,0.0,0.0,6.0,3.0,0.6666666666666666,19.1786,0.0,6.0,3.0,0.0,3.0,0.0,0.0,-1.5206064388475848,-0.027002307966109515,-0.9572992421479697,29,25,0.0055534106767319725
PUBCHEM_674,dimethylamine,1,Simple organic chemistry,674,ROSDSFDQCJNGOL-UHFFFAOYSA-N,,CNC,CNC,C2H7N,45.085,-0.1644000000000001,12.03,1.0,1.0,0.0,0.0,0.0,0.0,3.0,1.0,1.0,14.983700000000002,0.0,3.0,2.0,1.0,0.0,0.0,0.0,-2.757296794423688,0.53237350962148,-0.3589381350807786,1,0,0.0
PUBCHEM_69430,acetyl cyanide,1,Simple organic chemistry,69430,QLDHWVVRQCGZLE-UHFFFAOYSA-N,,CC(=O)C#N,CC(=O)C#N,C3H3NO,69.063,0.09897999999999996,40.86,0.0,2.0,0.0,0.0,0.0,0.0,5.0,2.0,0.3333333333333333,16.294,0.0,5.0,3.0,1.0,1.0,0.0,0.0,-2.3684018430870477,-0.24600776293766216,0.08887090625300777,20,4,0.027530391683155686
PUBCHEM_702,ethanol,1,Simple organic chemistry,702,LFQSCWFLJHTTHZ-UHFFFAOYSA-N,,CCO,CCO,C2H6O,46.069,-0.0014000000000000123,20.23,1.0,1.0,0.0,0.0,0.0,0.0,3.0,1.0,1.0,12.759800000000002,0.0,3.0,2.0,0.0,1.0,0.0,0.0,-2.812253545107754,0.473892102580556,-0.7096688952627278,23,8,0.004247778599969115
PUBCHEM_713,formamide,1,Simple organic chemistry,713,ZHNUHDYFZUAESO-UHFFFAOYSA-N,,C(=O)N,NC=O,CH3NO,45.041,-0.8985000000000001,43.09,1.0,1.0,0.0,0.0,0.0,0.0,3.0,2.0,0.0,10.2514,0.0,3.0,1.0,1.0,1.0,0.0,0.0,-2.6876722992821036,-1.0933285728628463,0.305868656487952,10,0,0.002658197407526197
PUBCHEM_729,glyceraldehyde 3-phosphate,2,Prebiotic building blocks,729,LXJXRIRHZLFYRP-UHFFFAOYSA-N,,C(C(C=O)O)OP(=O)(O)O,O=CC(O)COP(=O)(O)O,C3H7O6P,170.05700000000002,-1.3445000000000003,104.06,3.0,4.0,4.0,0.0,0.0,0.0,10.0,7.0,0.6666666666666666,30.06689999999999,0.0,10.0,3.0,0.0,6.0,1.0,0.0,0.31430809294594925,-0.04271700680965295,-1.7745361975453324,7,2,0.0011396808846104122
PUBCHEM_750,glycine,1,Simple organic chemistry,750,DHMQDGOQFOQNFH-UHFFFAOYSA-N,,C(C(=O)O)N,NCC(=O)O,C2H5NO2,75.06700000000001,-0.9702999999999999,63.31999999999999,2.0,2.0,1.0,0.0,0.0,0.0,5.0,3.0,0.5,16.6902,0.0,5.0,2.0,1.0,2.0,0.0,0.0,-1.8234719422503425,-0.3394034677517213,-0.36735039005982745,56,37,0.019545307533541802
PUBCHEM_751,glyceraldehyde,2,Prebiotic building blocks,751,MNQZXJOMYWMBOU-UHFFFAOYSA-N,,C(C(C=O)O)O,O=CC(O)CO,C3H6O3,90.07799999999999,-1.4615,57.53,2.0,3.0,2.0,0.0,0.0,0.0,6.0,3.0,0.6666666666666666,19.1566,0.0,6.0,3.0,0.0,3.0,0.0,0.0,-1.5207817042228495,-0.02750850261477979,-0.9574226419866105,14,8,0.0072126706042240545
PUBCHEM_753,glycerol,1,Simple organic chemistry,753,PEDCQBHIVMGVHV-UHFFFAOYSA-N,,C(C(CO)O)O,OCC(O)CO,C3H8O3,92.09399999999998,-1.6681000000000001,60.69,3.0,3.0,2.0,0.0,0.0,0.0,6.0,3.0,1.0,20.178400000000003,0.0,6.0,3.0,0.0,3.0,0.0,0.0,-1.3254944820055528,0.3387551910912005,-1.2716889072276503,9,5,0.0009350121158169822
PUBCHEM_757,glycolic acid,1,Simple organic chemistry,757,AEMRFAOFKBGASW-UHFFFAOYSA-N,,C(C(=O)O)O,O=C(O)CO,C2H4O3,76.051,-0.9367000000000001,57.53,2.0,2.0,1.0,0.0,0.0,0.0,5.0,3.0,0.5,14.7216,0.0,5.0,2.0,0.0,3.0,0.0,0.0,-1.9184844100162515,-0.3832701025951369,-0.7001138412866037,54,31,0.012033807389745419
PUBCHEM_760,glyoxylic acid,1,Simple organic chemistry,760,HHLFWLYXYJOTON-UHFFFAOYSA-N,,C(=O)C(=O)O,O=CC(=O)O,C2H2O3,74.035,-0.7301,54.370000000000005,1.0,2.0,1.0,0.0,0.0,0.0,5.0,3.0,0.0,13.6998,0.0,5.0,2.0,0.0,3.0,0.0,0.0,-2.128160915876122,-0.9408801348211157,-0.23410203271325988,33,8,0.0160514175563619
PUBCHEM_767,carbonic acid,1,Simple organic chemistry,767,BVKZGUZCCUSVTD-UHFFFAOYSA-N,,C(=O)(O)O,O=C(O)O,CH2O3,62.02400000000001,0.2224,57.53,2.0,1.0,0.0,0.0,0.0,0.0,4.0,3.0,0.0,10.6536,0.0,4.0,1.0,0.0,3.0,0.0,0.0,-2.368584100355765,-0.9845545825195843,-0.09225954592725291,46,25,0.01421087407539241
PUBCHEM_77982,ribose 5-phosphate,2,Prebiotic building blocks,77982,PPQRONHOSHZGFQ-LMVFSUKVSA-N,,C([C@H]([C@H]([C@H](C=O)O)O)O)OP(=O)(O)O,O=C[C@H](O)[C@H](O)[C@H](O)COP(=O)(O)O,C5H11O8P,230.10899999999998,-2.6227,144.52,5.0,6.0,6.0,0.0,0.0,0.0,14.0,9.0,0.8,42.08050000000001,0.0,14.0,5.0,0.0,8.0,1.0,0.0,2.007819188673648,0.22319318564552307,-2.416112081452577,5,1,0.0003464462723013721
PUBCHEM_7854,propionitrile,1,Simple organic chemistry,7854,FVSKHRXBFJPNKK-UHFFFAOYSA-N,,CCC#N,CCC#N,C3H5N,55.07999999999999,0.91998,23.79,0.0,1.0,0.0,0.0,0.0,0.0,4.0,1.0,0.6666666666666666,15.904000000000002,0.0,4.0,3.0,1.0,0.0,0.0,0.0,-2.7612566278231276,0.454590500726357,0.004547589782246178,9,1,0.003556205212338193
PUBCHEM_7860,glyoxal,1,Simple organic chemistry,7860,LEQAOMBKQFMDFZ-UHFFFAOYSA-N,,C(=O)C=O,O=CC=O,C2H2O2,58.036,-0.6158000000000001,34.14,0.0,2.0,1.0,0.0,0.0,0.0,4.0,2.0,0.0,12.128,0.0,4.0,2.0,0.0,2.0,0.0,0.0,-2.585847328132113,-0.832881434180346,-0.07957556546026216,9,0,2.530798257223469e-05
PUBCHEM_7865,methyl formate,1,Simple organic chemistry,7865,TZIHFWKZFHZASV-UHFFFAOYSA-N,,COC=O,COC=O,C2H4O2,60.05200000000001,-0.2108000000000001,26.3,0.0,2.0,1.0,0.0,0.0,0.0,4.0,2.0,0.5,13.073,0.0,4.0,2.0,0.0,2.0,0.0,0.0,-2.5722915072695733,-0.14316434945906797,-0.4902610143744416,10,0,0.0035458984284758915
PUBCHEM_787,hydroxylamine,1,Simple organic chemistry,787,AVXURJPOCDRRFD-UHFFFAOYSA-N,,NO,NO,H3NO,33.03,-0.6657000000000002,46.25,2.0,2.0,0.0,0.0,0.0,0.0,2.0,2.0,0.0,5.9738999999999995,0.0,2.0,0.0,1.0,1.0,0.0,0.0,-2.668074856257394,-1.219317330210496,0.30665766828921903,9,4,0.005794274312859024
PUBCHEM_79094,alanylglycine,3,Pre-nucleic/functional systems,79094,CXISPYVYMQWFLE-UHFFFAOYSA-N,,CC(C(=O)NCC(=O)O)N,CC(N)C(=O)NCC(=O)O,C5H10N2O3,146.146,-1.4655999999999985,92.42,3.0,3.0,3.0,0.0,0.0,0.0,10.0,5.0,0.6,34.29489999999999,0.0,10.0,5.0,2.0,3.0,0.0,0.0,-0.15911247205661397,0.31550280503466743,-0.5415512908553411,45,38,0.005401402924062425
PUBCHEM_7911,malonamide,1,Simple organic chemistry,7911,WRIRWRKPLXCTFD-UHFFFAOYSA-N,,C(C(=O)N)C(=O)N,NC(=O)CC(N)=O,C3H6N2O2,102.093,-1.6528999999999998,86.18,2.0,2.0,2.0,0.0,0.0,0.0,7.0,4.0,0.3333333333333333,23.005800000000004,0.0,7.0,3.0,2.0,2.0,0.0,0.0,-1.15835272061837,-0.4331222314745006,-0.14058387665148186,40,25,0.0074562009991714475
PUBCHEM_795,imidazole,3,Pre-nucleic/functional systems,795,RAXXELZNTBOGNW-UHFFFAOYSA-N,,C1=CN=CN1,c1c[nH]cn1,C3H4N2,68.079,0.40969999999999995,28.68,1.0,1.0,0.0,1.0,1.0,0.0,5.0,2.0,0.0,18.5877,0.0,5.0,3.0,2.0,0.0,0.0,0.0,-1.7781150212036279,-0.4592721663227106,1.8306472596704524,0,0,0.0
PUBCHEM_7955,melamine,3,Pre-nucleic/functional systems,7955,JDSHMPZPIAZGSV-UHFFFAOYSA-N,,C1(=NC(=NC(=N1)N)N)N,Nc1nc(N)nc(N)n1,C3H6N6,126.12300000000003,-1.3818000000000001,116.72999999999999,3.0,6.0,0.0,1.0,1.0,0.0,9.0,6.0,0.0,33.0642,0.0,9.0,3.0,6.0,0.0,0.0,0.0,0.6291837697163246,-1.1368666246940893,2.425502749872168,0,0,0.0
PUBCHEM_7956,cyanuric acid,3,Pre-nucleic/functional systems,7956,ZFSLODLOARCGLH-UHFFFAOYSA-N,,C1(=O)NC(=O)NC(=O)N1,O=c1[nH]c(=O)[nH]c(=O)[nH]1,C3H3N3O3,129.075,-2.2485000000000004,98.57999999999998,3.0,3.0,0.0,1.0,1.0,0.0,9.0,6.0,0.0,28.304100000000002,0.0,9.0,3.0,3.0,3.0,0.0,0.0,0.11944099950704475,-1.367598183396198,1.380595615626056,7,6,0.018462026624673306
PUBCHEM_8254,dimethyl ether,1,Simple organic chemistry,8254,LCGLNKUTAGEVQW-UHFFFAOYSA-N,,COC,COC,C2H6O,46.069,0.26260000000000006,9.23,0.0,1.0,0.0,0.0,0.0,0.0,3.0,1.0,1.0,12.933000000000002,0.0,3.0,2.0,0.0,1.0,0.0,0.0,-2.9904041463210094,0.5342583432199873,-0.6800278658777634,3,0,0.0009496000971737685
PUBCHEM_867,malonic acid,1,Simple organic chemistry,867,OFOBLEOULBTSOW-UHFFFAOYSA-N,,C(C(=O)O)C(=O)O,O=C(O)CC(=O)O,C3H4O4,104.06099999999999,-0.4543,74.6,2.0,2.0,2.0,0.0,0.0,0.0,7.0,4.0,0.3333333333333333,19.8886,0.0,7.0,3.0,0.0,4.0,0.0,0.0,-1.388662843506275,-0.2749288329955907,-0.7221429626426475,50,31,0.0024000058573342585
PUBCHEM_878,methyl mercaptan,2,Prebiotic building blocks,878,LSDPWZHWYPCBBB-UHFFFAOYSA-N,,CS,CS,CH4S,48.11000000000001,0.546,0.0,1.0,1.0,0.0,0.0,0.0,0.0,2.0,1.0,1.0,14.910000000000002,0.0,2.0,1.0,0.0,0.0,0.0,1.0,-3.235942927875013,0.4286489086118226,-0.1872461339814827,3,3,0.0
PUBCHEM_8857,ethyl acetate,1,Simple organic chemistry,8857,XEKOWRVHYACXOJ-UHFFFAOYSA-N,,CCOC(=O)C,CCOC(C)=O,C4H8O2,88.106,0.5694,26.3,0.0,2.0,1.0,0.0,0.0,0.0,6.0,2.0,0.75,22.30699999999999,0.0,6.0,4.0,0.0,2.0,0.0,0.0,-2.1598758396323063,0.6408076138753348,-0.6339514042485749,29,9,0.00537531475510093
PUBCHEM_887,methanol,1,Simple organic chemistry,887,OKKJLVBELUTLKV-UHFFFAOYSA-N,,CO,CO,CH4O,32.042,-0.3915,20.23,1.0,1.0,0.0,0.0,0.0,0.0,2.0,1.0,1.0,8.1428,0.0,2.0,1.0,0.0,1.0,0.0,0.0,-3.0076694161944584,0.22541587480335387,-0.7516328578248898,12,2,0.022266604972032887
PUBCHEM_8892,hexanoic acid,2,Prebiotic building blocks,8892,FUZZWVXGSFPDMH-UHFFFAOYSA-N,,CCCCCC(=O)O,CCCCCC(=O)O,C6H12O2,116.15999999999998,1.6513,37.3,1.0,1.0,4.0,0.0,0.0,0.0,8.0,2.0,0.8333333333333334,31.77779999999998,0.0,8.0,6.0,0.0,2.0,0.0,0.0,-1.523332700111652,1.7560053484589953,-0.8217681446541176,41,25,0.0033572011395793266
PUBCHEM_9321,hydrazine,1,Simple organic chemistry,9321,OAKJQQAXSVQMHS-UHFFFAOYSA-N,,NN,NN,H4N2,32.046,-1.1812,52.04,2.0,2.0,0.0,0.0,0.0,0.0,2.0,2.0,0.0,8.3748,0.0,2.0,0.0,2.0,0.0,0.0,0.0,-2.5471942142195574,-1.274258060653315,0.6038310538384469,2,0,0.0
PUBCHEM_936,nicotinamide,2,Prebiotic building blocks,936,DFPAKSUCGFBDDF-UHFFFAOYSA-N,,C1=CC(=CN=C1)C(=O)N,NC(=O)c1cccnc1,C6H6N2O,122.12699999999998,0.1805,55.980000000000004,1.0,2.0,1.0,1.0,1.0,0.0,9.0,3.0,0.0,32.7549,0.0,9.0,6.0,2.0,1.0,0.0,0.0,-0.6574228933447541,-0.04162945892766592,1.6034822827557063,5,2,0.15068702619459795
PUBCHEM_967,orotic acid,2,Prebiotic building blocks,967,PXQPEWDEAKTCGB-UHFFFAOYSA-N,,C1=C(NC(=O)NC1=O)C(=O)O,O=C(O)c1cc(=O)[nH]c(=O)[nH]1,C5H4N2O4,156.09699999999998,-1.2386000000000001,103.02,3.0,3.0,1.0,1.0,1.0,0.0,11.0,6.0,0.0,34.64269999999999,0.0,11.0,5.0,2.0,4.0,0.0,0.0,0.48472916878172745,-0.7667729779075901,1.0550427033008287,4,1,0.0
PUBCHEM_9700,thymidine monophosphate,5,DNA/deoxyribonucleotide systems,9700,GYOZYWVXFNDGLU-XLPZGREQSA-N,,CC1=CN(C(=O)NC1=O)[C@H]2C[C@@H]([C@H](O2)COP(=O)(O)O)O,Cc1cn([C@H]2C[C@H](O)[C@@H](COP(=O)(O)O)O2)c(=O)[nH]c1=O,C10H15N2O8P,322.21,-1.3972800000000003,151.08,4.0,6.0,4.0,2.0,1.0,1.0,21.0,11.0,0.6,68.5896,0.0,21.0,10.0,2.0,8.0,1.0,0.0,4.674554979087179,0.3587689348132221,-0.22637310183084355,28,17,0.052700390005240946
PUBCHEM_971,oxalic acid,1,Simple organic chemistry,971,MUBZPKHOEPUJKR-UHFFFAOYSA-N,,C(=O)(C(=O)O)O,O=C(O)C(=O)O,C2H2O4,90.03399999999999,-0.8443999999999998,74.60000000000001,2.0,2.0,0.0,0.0,0.0,0.0,6.0,4.0,0.0,15.2716,0.0,6.0,2.0,0.0,4.0,0.0,0.0,-1.7280917253621357,-1.1916599331109812,-0.3166411613923142,43,22,0.004619401836616965
PUBCHEM_9750,citrulline,2,Prebiotic building blocks,9750,RHGKLRLOHDJJDR-BYPYZUCNSA-N,,C(C[C@@H](C(=O)O)N)CNC(=O)N,NC(=O)NCCC[C@H](N)C(=O)O,C6H13N3O3,175.188,-1.1531999999999996,118.43999999999998,4.0,3.0,5.0,0.0,0.0,0.0,12.0,6.0,0.6666666666666666,42.43129999999999,0.0,12.0,6.0,3.0,3.0,0.0,0.0,0.7066918777853742,0.8766603553824124,-0.5208293391980265,31,13,0.0018315877913768902
PUBCHEM_98153,glycylalanine,3,Pre-nucleic/functional systems,98153,VPZXBVLAVMBEQI-UHFFFAOYSA-N,,CC(C(=O)O)NC(=O)CN,CC(NC(=O)CN)C(=O)O,C5H10N2O3,146.146,-1.4655999999999987,92.42,3.0,3.0,3.0,0.0,0.0,0.0,10.0,5.0,0.6,34.29489999999999,0.0,10.0,5.0,2.0,3.0,0.0,0.0,-0.159112472056614,0.31550280503466754,-0.5415512908553413,36,29,0.0020067086692645976
PUBCHEM_985,palmitic acid,2,Prebiotic building blocks,985,IPCSVZSSVZVIGE-UHFFFAOYSA-N,,CCCCCCCCCCCCCCCC(=O)O,CCCCCCCCCCCCCCCC(=O)O,C16H32O2,256.4299999999999,5.552300000000005,37.3,1.0,1.0,14.0,0.0,0.0,0.0,18.0,2.0,0.9375,77.94780000000007,0.0,18.0,16.0,0.0,2.0,0.0,0.0,1.0159915304520462,5.788170064296973,-1.216842869354625,37,22,0.001520180025389248
PUBCHEM_9864,cyanamide,2,Prebiotic building blocks,9864,XZMCDFZZKTWFGF-UHFFFAOYSA-N,,C(#N)N,N#CN,CH2N2,42.041,-0.57382,49.81,1.0,2.0,0.0,0.0,0.0,0.0,3.0,2.0,0.0,9.8004,0.0,3.0,1.0,2.0,0.0,0.0,0.0,-2.5444611136316175,-1.0264744321667987,0.6561076707178372,4,3,0.00018779807899896504
PUBCHEM_996,phenol,1,Simple organic chemistry,996,ISWSIDIOOBJBQZ-UHFFFAOYSA-N,,C1=CC=C(C=C1)O,Oc1ccccc1,C6H6O,94.11299999999997,1.3921999999999997,20.23,1.0,1.0,0.0,1.0,1.0,0.0,7.0,1.0,0.0,28.106799999999993,0.0,7.0,6.0,0.0,1.0,0.0,0.0,-1.6036431504064683,0.19836569592573858,1.385170495301903,5,2,0.005082949545877027
